height_cm,weight_kg,bmi,body_shape,weight_gain,muscle_effect,belly_fat,body_type
182.0,103.0,31.1,A,C,A,C,endomorph
179.0,101.0,31.52,B,B,A,B,endomorph
182.0,62.0,18.72,A,A,C,A,ectomorph
186.0,72.0,20.81,A,A,B,C,ectomorph
184.0,73.0,21.56,A,A,B,C,ectomorph
168.0,83.0,29.41,A,A,A,B,endomorph
183.0,96.0,28.67,A,C,B,A,endomorph
182.0,63.0,19.02,A,A,C,B,ectomorph
169.0,83.0,29.06,B,B,C,A,mesomorph
179.0,50.0,15.61,B,B,A,C,ectomorph
180.0,103.0,31.79,A,B,C,B,endomorph
172.0,85.0,28.73,A,B,C,C,endomorph
169.0,105.0,36.76,A,A,B,C,endomorph
174.0,70.0,23.12,B,A,B,A,mesomorph
175.0,94.0,30.69,B,B,C,A,mesomorph
168.0,77.0,27.28,B,B,C,B,mesomorph
188.0,101.0,28.58,C,C,A,B,endomorph
187.0,91.0,26.02,A,A,C,C,mesomorph
179.0,110.0,34.33,B,B,C,B,endomorph
176.0,94.0,30.35,B,B,C,A,mesomorph
180.0,100.0,30.86,B,B,C,C,mesomorph
171.0,106.0,36.25,B,B,C,A,endomorph
181.0,74.0,22.59,A,A,C,A,ectomorph
186.0,77.0,22.26,A,C,B,B,ectomorph
170.0,55.0,19.03,A,A,C,A,ectomorph
167.0,99.0,35.5,A,A,B,C,endomorph
185.0,118.0,34.48,C,C,C,A,endomorph
167.0,56.0,20.08,B,B,B,C,mesomorph
160.0,72.0,28.13,B,B,C,A,mesomorph
165.0,68.0,24.98,A,A,B,B,mesomorph
177.0,59.0,18.83,A,A,B,A,ectomorph
183.0,90.0,26.87,C,C,C,C,endomorph
176.0,90.0,29.05,A,C,A,C,endomorph
188.0,71.0,20.09,A,A,C,B,ectomorph
176.0,55.0,17.75,A,A,B,A,ectomorph
179.0,102.0,31.83,A,B,C,B,endomorph
183.0,50.0,14.93,B,A,B,A,ectomorph
182.0,53.0,16.0,C,B,C,C,ectomorph
183.0,93.0,27.77,B,B,C,C,mesomorph
178.0,60.0,18.94,A,A,B,A,ectomorph
183.0,124.0,37.03,C,C,C,A,endomorph
176.0,53.0,17.11,A,B,B,B,ectomorph
160.0,75.0,29.3,A,B,B,C,endomorph
180.0,106.0,32.72,C,B,C,C,endomorph
183.0,53.0,15.83,B,B,C,A,ectomorph
160.0,71.0,27.73,B,B,C,A,mesomorph
181.0,71.0,21.67,A,B,C,B,ectomorph
181.0,105.0,32.05,A,A,A,B,endomorph
189.0,98.0,27.43,C,A,C,C,endomorph
176.0,88.0,28.41,B,B,C,A,mesomorph
172.0,55.0,18.59,A,C,A,B,ectomorph
181.0,100.0,30.52,B,B,C,A,mesomorph
171.0,52.0,17.78,A,A,C,A,ectomorph
173.0,95.0,31.74,C,B,C,B,endomorph
175.0,59.0,19.27,B,C,B,C,ectomorph
166.0,79.0,28.67,C,B,A,B,endomorph
161.0,67.0,25.85,A,B,A,A,mesomorph
187.0,104.0,29.74,A,B,B,A,endomorph
185.0,99.0,28.93,C,B,A,A,endomorph
179.0,76.0,23.72,C,B,B,A,endomorph
184.0,59.0,17.43,B,C,B,B,ectomorph
182.0,65.0,19.62,A,A,C,B,ectomorph
186.0,84.0,24.28,A,A,A,B,mesomorph
178.0,92.0,29.04,C,B,B,B,endomorph
168.0,93.0,32.95,C,B,B,A,endomorph
179.0,61.0,19.04,A,A,C,A,ectomorph
168.0,104.0,36.85,C,A,B,A,endomorph
182.0,116.0,35.02,B,B,C,B,endomorph
166.0,108.0,39.19,B,A,B,B,endomorph
192.0,80.0,21.7,A,A,B,C,ectomorph
183.0,110.0,32.85,C,C,C,A,endomorph
180.0,58.0,17.9,B,A,B,A,ectomorph
179.0,50.0,15.61,B,A,C,A,ectomorph
170.0,88.0,30.45,B,B,C,B,mesomorph
180.0,52.0,16.05,C,C,C,A,ectomorph
181.0,63.0,19.23,A,A,C,B,ectomorph
189.0,76.0,21.27,A,A,A,C,ectomorph
168.0,81.0,28.7,B,C,A,A,mesomorph
170.0,55.0,19.03,A,A,A,A,ectomorph
172.0,58.0,19.6,A,A,B,A,ectomorph
168.0,60.0,21.26,A,B,A,B,mesomorph
175.0,65.0,21.22,B,B,B,A,mesomorph
178.0,70.0,22.09,B,B,C,A,mesomorph
165.0,75.0,27.55,C,C,B,C,endomorph
160.0,80.0,31.25,C,C,A,C,endomorph
180.0,85.0,26.23,B,C,B,B,endomorph
182.0,78.0,23.55,B,B,C,B,mesomorph
169.0,62.0,21.7,A,B,A,B,mesomorph
171.0,90.0,30.78,C,C,B,C,endomorph
173.0,68.0,22.72,B,B,B,A,mesomorph
167.0,52.0,18.64,A,A,A,A,ectomorph
176.0,95.0,30.67,C,C,B,C,endomorph
174.0,72.0,23.78,B,B,C,B,mesomorph
168.0,85.0,30.12,C,C,A,C,endomorph
177.0,60.0,19.15,A,A,B,A,ectomorph
181.0,88.0,26.86,C,C,C,B,endomorph
179.0,74.0,23.09,B,B,B,B,mesomorph
166.0,58.0,21.05,A,B,A,B,mesomorph
170.0,92.0,31.83,C,C,B,C,endomorph
172.0,63.0,21.29,B,B,B,A,mesomorph
169.0,55.0,19.25,A,A,A,A,ectomorph
175.0,78.0,25.47,B,C,B,B,endomorph
168.0,70.0,24.8,B,B,A,B,mesomorph
182.0,62.0,18.72,A,A,B,A,ectomorph
176.0,82.0,26.47,C,C,B,B,endomorph
173.0,66.0,22.05,B,B,C,A,mesomorph
167.0,50.0,17.93,A,A,A,A,ectomorph
180.0,90.0,27.78,C,C,C,C,endomorph
171.0,59.0,20.18,A,B,A,A,mesomorph
174.0,68.0,22.46,B,B,B,A,mesomorph
165.0,85.0,31.22,C,C,A,C,endomorph
178.0,64.0,20.2,A,A,B,A,ectomorph
169.0,72.0,25.21,B,C,B,B,endomorph
177.0,69.0,22.04,B,B,C,A,mesomorph
170.0,53.0,18.34,A,A,A,A,ectomorph
172.0,88.0,29.74,C,C,B,C,endomorph
175.0,67.0,21.88,B,B,B,A,mesomorph
168.0,61.0,21.62,A,B,A,B,mesomorph
176.0,76.0,24.54,B,B,C,B,mesomorph
180.0,95.0,29.32,C,C,C,C,endomorph
167.0,57.0,20.44,A,B,A,A,mesomorph
173.0,70.0,23.39,B,B,B,B,mesomorph
171.0,82.0,28.04,C,C,B,C,endomorph
178.0,60.0,18.94,A,A,B,A,ectomorph
165.0,68.0,24.98,B,C,A,B,endomorph
172.0,75.0,25.35,B,C,B,B,endomorph
169.0,63.0,22.06,B,B,B,A,mesomorph
177.0,58.0,18.51,A,A,A,A,ectomorph
181.0,92.0,28.08,C,C,B,C,endomorph
168.0,54.0,19.13,A,A,A,A,ectomorph
174.0,80.0,26.43,C,C,B,B,endomorph
170.0,66.0,22.84,B,B,C,A,mesomorph
175.0,60.0,19.59,A,A,B,A,ectomorph
167.0,78.0,27.96,C,C,B,C,endomorph
179.0,72.0,22.47,B,B,B,A,mesomorph
172.0,50.0,16.9,A,A,A,A,ectomorph
176.0,88.0,28.41,C,C,B,C,endomorph
171.0,69.0,23.59,B,B,C,B,mesomorph
168.0,64.0,22.68,B,B,B,A,mesomorph
180.0,68.0,20.99,B,B,B,A,mesomorph
173.0,95.0,31.75,C,C,C,C,endomorph
166.0,52.0,18.88,A,A,A,A,ectomorph
177.0,85.0,27.14,C,C,B,C,endomorph
170.0,62.0,21.45,B,B,B,A,mesomorph
175.0,72.0,23.51,B,B,C,B,mesomorph
169.0,80.0,28.01,C,C,B,C,endomorph
178.0,66.0,20.82,A,B,B,A,mesomorph
171.0,58.0,19.83,A,A,A,A,ectomorph
167.0,73.0,26.17,C,C,B,C,endomorph
180.0,75.0,23.15,B,B,C,B,mesomorph
173.0,60.0,20.05,A,A,B,A,ectomorph
168.0,82.0,29.05,C,C,B,C,endomorph
176.0,70.0,22.6,B,B,B,A,mesomorph
170.0,55.0,19.03,A,A,A,A,ectomorph
174.0,90.0,29.72,C,C,B,C,endomorph
177.0,68.0,21.7,B,B,C,A,mesomorph
165.0,50.0,18.36,A,A,A,A,ectomorph
172.0,85.0,28.73,C,C,B,C,endomorph
179.0,73.0,22.78,B,B,B,B,mesomorph
168.0,58.0,20.55,A,B,A,A,mesomorph
180.0,100.0,30.86,C,C,C,C,endomorph
171.0,65.0,22.23,B,B,B,A,mesomorph
175.0,55.0,17.96,A,A,A,A,ectomorph
169.0,78.0,27.31,C,C,B,C,endomorph
176.0,72.0,23.24,B,B,C,B,mesomorph
170.0,60.0,20.76,A,B,A,A,mesomorph
167.0,88.0,31.55,C,C,B,C,endomorph
182.0,65.0,19.62,A,A,B,A,ectomorph
173.0,75.0,25.06,B,C,B,B,endomorph
168.0,62.0,21.97,B,B,B,A,mesomorph
177.0,90.0,28.73,C,C,C,C,endomorph
171.0,52.0,17.78,A,A,A,A,ectomorph
174.0,68.0,22.46,B,B,B,A,mesomorph
165.0,80.0,29.38,C,C,B,C,endomorph
178.0,60.0,18.94,A,A,B,A,ectomorph
170.0,70.0,24.22,B,B,B,B,mesomorph
176.0,95.0,30.67,C,C,B,C,endomorph
169.0,55.0,19.25,A,A,A,A,ectomorph
175.0,85.0,27.76,C,C,B,C,endomorph
168.0,65.0,23.03,B,B,B,A,mesomorph
180.0,62.0,19.14,A,A,B,A,ectomorph
173.0,72.0,24.05,B,B,C,B,mesomorph
167.0,90.0,32.27,C,C,B,C,endomorph
178.0,75.0,23.67,B,B,C,B,mesomorph
171.0,60.0,20.52,A,B,A,A,mesomorph
165.0,55.0,20.2,A,A,A,A,ectomorph
172.0,78.0,26.37,C,C,B,C,endomorph
179.0,68.0,21.22,B,B,B,A,mesomorph
170.0,95.0,32.87,C,C,C,C,endomorph
168.0,52.0,18.42,A,A,A,A,ectomorph
174.0,75.0,24.77,B,B,C,B,mesomorph
176.0,85.0,27.45,C,C,B,C,endomorph
171.0,65.0,22.23,B,B,B,A,mesomorph
167.0,58.0,20.79,A,B,A,A,mesomorph
180.0,92.0,28.4,C,C,B,C,endomorph
173.0,63.0,21.05,B,B,B,A,mesomorph
169.0,50.0,17.51,A,A,A,A,ectomorph
175.0,90.0,29.39,C,C,B,C,endomorph
178.0,70.0,22.09,B,B,C,A,mesomorph
170.0,72.0,24.91,A,B,B,B,mesomorph
174.0,76.0,25.1,A,B,A,C,mesomorph
182.0,89.0,26.87,B,C,C,A,mesomorph
184.0,71.0,20.97,A,B,A,C,ectomorph
185.0,116.0,33.89,C,C,C,A,endomorph
189.0,76.0,21.27,A,A,B,C,ectomorph
179.0,65.0,20.29,A,A,B,C,ectomorph
174.0,107.0,35.34,B,A,B,B,endomorph
180.0,68.0,20.99,A,A,B,C,ectomorph
163.0,71.0,26.72,A,B,A,C,mesomorph
170.0,73.0,25.26,A,C,B,C,mesomorph
178.0,96.0,30.3,B,B,C,A,mesomorph
165.0,102.0,37.47,B,A,A,C,endomorph
185.0,68.0,19.87,C,B,A,C,mesomorph
178.0,94.0,29.67,B,B,C,A,mesomorph
176.0,109.0,35.19,B,B,B,C,endomorph
184.0,101.0,29.83,B,C,C,B,mesomorph
179.0,68.0,21.22,B,C,A,B,mesomorph
171.0,58.0,19.84,A,B,A,B,ectomorph
167.0,80.0,28.69,B,B,C,B,mesomorph
184.0,71.0,20.97,A,A,A,C,ectomorph
185.0,94.0,27.47,B,B,B,A,mesomorph
166.0,109.0,39.56,A,C,C,A,endomorph
168.0,50.0,17.72,C,C,B,A,ectomorph
169.0,107.0,37.46,C,B,C,A,endomorph
168.0,75.0,26.57,A,B,A,B,mesomorph
165.0,59.0,21.67,A,B,B,C,ectomorph
180.0,69.0,21.3,B,B,A,C,mesomorph
179.0,96.0,29.96,B,B,C,A,mesomorph
162.0,88.0,33.53,C,B,B,C,endomorph
186.0,72.0,20.81,A,A,B,C,ectomorph
188.0,105.0,29.71,C,C,C,A,endomorph
180.0,97.0,29.94,B,B,C,A,mesomorph
180.0,56.0,17.28,A,B,C,A,ectomorph
180.0,95.0,29.32,B,A,B,B,mesomorph
178.0,61.0,19.25,A,A,B,A,ectomorph
192.0,78.0,21.16,A,A,A,C,ectomorph
190.0,78.0,21.61,A,A,A,C,ectomorph
183.0,63.0,18.81,A,A,B,A,ectomorph
184.0,70.0,20.79,A,B,A,C,ectomorph
172.0,77.0,26.03,B,B,A,C,mesomorph
182.0,64.0,19.32,A,A,C,B,ectomorph
160.0,61.0,23.83,C,C,A,A,endomorph
178.0,86.0,27.14,C,B,A,B,endomorph
160.0,57.0,22.27,C,C,B,C,mesomorph
173.0,67.0,22.39,B,A,B,C,mesomorph
162.0,58.0,22.1,C,C,B,A,mesomorph
182.0,70.0,21.13,A,A,B,B,ectomorph
181.0,101.0,30.83,B,B,C,B,mesomorph
167.0,103.0,36.93,B,A,A,C,endomorph
175.0,78.0,25.47,B,B,B,B,mesomorph
168.0,63.0,22.32,B,A,A,B,mesomorph
178.0,96.0,30.3,B,B,C,A,mesomorph
174.0,100.0,33.03,B,B,A,B,endomorph
165.0,108.0,39.67,C,A,B,C,endomorph
184.0,66.0,19.49,A,A,C,A,ectomorph
183.0,72.0,21.5,A,A,A,C,ectomorph
190.0,78.0,21.61,A,A,A,C,ectomorph
163.0,76.0,28.6,B,B,C,A,mesomorph
183.0,71.0,21.2,A,B,A,C,ectomorph
183.0,79.0,23.59,B,A,C,B,mesomorph
178.0,62.0,19.57,A,A,B,B,ectomorph
168.0,105.0,37.2,B,B,C,C,endomorph
170.0,55.0,19.03,A,A,C,A,ectomorph
175.0,54.0,17.63,A,A,C,A,ectomorph
183.0,62.0,18.51,C,A,B,C,ectomorph
185.0,72.0,21.04,A,A,B,C,ectomorph
172.0,82.0,27.72,B,B,C,B,mesomorph
183.0,64.0,19.11,A,A,C,B,ectomorph
172.0,63.0,21.3,C,A,A,B,mesomorph
177.0,79.0,25.22,B,C,A,B,mesomorph
160.0,67.0,26.17,B,B,B,A,mesomorph
170.0,67.0,23.18,C,C,B,A,endomorph
178.0,99.0,31.25,C,C,A,B,endomorph
175.0,58.0,18.94,A,A,C,A,ectomorph
180.0,101.0,31.17,B,C,C,A,endomorph
171.0,72.0,24.62,C,C,A,A,endomorph
168.0,85.0,30.12,B,B,C,B,mesomorph
163.0,97.0,36.51,C,C,C,B,endomorph
175.0,53.0,17.31,A,B,C,B,ectomorph
178.0,54.0,17.04,B,C,A,B,ectomorph
174.0,101.0,33.36,C,B,B,C,endomorph
180.0,109.0,33.64,B,B,C,A,endomorph
180.0,92.0,28.4,C,B,B,A,endomorph
160.0,73.0,28.52,B,B,C,A,mesomorph
180.0,101.0,31.17,B,B,C,B,endomorph
180.0,64.0,19.75,B,A,B,C,mesomorph
180.0,103.0,31.79,B,B,C,A,endomorph
189.0,85.0,23.8,B,B,B,C,mesomorph
188.0,108.0,30.56,C,C,C,A,endomorph
175.0,72.0,23.51,B,C,C,C,mesomorph
168.0,73.0,25.86,C,B,B,B,endomorph
177.0,75.0,23.94,B,B,C,A,mesomorph
167.0,92.0,32.99,C,C,C,B,endomorph
164.0,68.0,25.28,C,C,B,C,endomorph
186.0,74.0,21.39,A,B,A,C,ectomorph
170.0,104.0,35.99,B,A,C,C,endomorph
188.0,96.0,27.16,A,B,B,B,mesomorph
181.0,100.0,30.52,B,B,C,A,mesomorph
179.0,62.0,19.35,C,A,C,C,ectomorph
182.0,115.0,34.72,B,B,C,B,endomorph
190.0,110.0,30.47,C,C,C,A,endomorph
167.0,104.0,37.29,B,B,C,A,endomorph
185.0,65.0,18.99,A,A,B,B,ectomorph
181.0,64.0,19.54,A,A,C,C,ectomorph
163.0,71.0,26.72,A,C,C,A,mesomorph
161.0,84.0,32.41,B,B,B,A,endomorph
169.0,79.0,27.66,B,C,B,A,mesomorph
168.0,82.0,29.05,B,B,C,B,mesomorph
179.0,67.0,20.91,A,C,C,B,ectomorph
170.0,59.0,20.42,A,C,B,B,ectomorph
164.0,104.0,38.67,C,C,A,C,endomorph
182.0,114.0,34.42,B,B,C,B,endomorph
177.0,77.0,24.58,B,A,B,B,mesomorph
189.0,96.0,26.87,C,C,C,C,endomorph
183.0,114.0,34.04,C,C,C,A,endomorph
178.0,98.0,30.93,B,B,C,B,mesomorph
181.0,94.0,28.69,A,C,B,B,endomorph
180.0,66.0,20.37,A,B,A,C,ectomorph
177.0,93.0,29.68,B,B,C,A,mesomorph
173.0,58.0,19.38,C,C,C,C,ectomorph
178.0,96.0,30.3,A,B,C,A,endomorph
174.0,62.0,20.48,A,A,B,C,ectomorph
188.0,107.0,30.27,B,B,A,B,mesomorph
185.0,65.0,18.99,B,A,C,A,ectomorph
161.0,66.0,25.46,B,C,C,A,mesomorph
185.0,53.0,15.49,C,B,C,B,ectomorph
180.0,77.0,23.77,B,C,C,B,mesomorph
168.0,69.0,24.45,C,B,A,B,endomorph
171.0,54.0,18.47,A,A,C,A,ectomorph
189.0,69.0,19.32,C,A,B,C,ectomorph
175.0,88.0,28.73,B,C,C,A,mesomorph
189.0,75.0,21.0,B,B,C,B,mesomorph
180.0,81.0,25.0,A,B,C,C,mesomorph
164.0,63.0,23.42,B,B,B,B,mesomorph
169.0,55.0,19.26,A,A,A,A,ectomorph
177.0,88.0,28.09,A,A,C,B,endomorph
171.0,108.0,36.93,A,A,C,B,endomorph
187.0,73.0,20.88,A,A,B,C,ectomorph
188.0,54.0,15.28,C,B,B,A,ectomorph
167.0,87.0,31.2,B,C,C,C,endomorph
169.0,79.0,27.66,B,B,C,A,mesomorph
185.0,104.0,30.39,A,B,B,A,endomorph
161.0,93.0,35.88,B,C,B,A,endomorph
170.0,70.0,24.22,B,C,C,B,mesomorph
170.0,93.0,32.18,B,B,B,B,endomorph
166.0,50.0,18.14,A,B,A,A,ectomorph
174.0,97.0,32.04,A,B,C,B,endomorph
175.0,91.0,29.71,B,B,C,A,mesomorph
162.0,61.0,23.24,C,C,B,C,endomorph
166.0,95.0,34.48,B,B,B,B,endomorph
189.0,81.0,22.68,C,C,C,B,mesomorph
188.0,79.0,22.35,B,B,C,B,mesomorph
182.0,83.0,25.06,A,B,B,C,mesomorph
173.0,64.0,21.38,B,C,C,B,mesomorph
181.0,78.0,23.81,B,A,B,A,mesomorph
160.0,68.0,26.56,A,C,C,A,mesomorph
160.0,104.0,40.62,B,B,C,A,endomorph
162.0,76.0,28.96,B,B,C,C,mesomorph
188.0,87.0,24.62,A,B,A,B,mesomorph
188.0,74.0,20.94,B,C,B,B,mesomorph
169.0,101.0,35.36,B,B,B,B,endomorph
178.0,92.0,29.04,A,A,B,C,endomorph
174.0,107.0,35.34,C,C,B,B,endomorph
186.0,85.0,24.57,A,C,A,B,mesomorph
187.0,74.0,21.16,A,B,A,C,ectomorph
183.0,83.0,24.78,B,B,C,B,mesomorph
186.0,130.0,37.58,C,C,C,A,endomorph
167.0,86.0,30.84,B,B,B,C,mesomorph
186.0,56.0,16.19,A,C,B,C,ectomorph
180.0,102.0,31.48,C,B,B,C,endomorph
182.0,108.0,32.61,B,B,C,B,endomorph
164.0,63.0,23.42,C,B,B,A,endomorph
182.0,94.0,28.38,B,B,B,C,mesomorph
164.0,81.0,30.12,B,C,B,B,mesomorph
178.0,73.0,23.04,C,C,A,B,endomorph
181.0,113.0,34.49,B,B,C,A,endomorph
173.0,68.0,22.72,A,C,A,B,ectomorph
184.0,64.0,18.9,B,C,C,B,ectomorph
172.0,89.0,30.08,B,B,C,A,mesomorph
185.0,99.0,28.93,B,C,B,B,mesomorph
186.0,55.0,15.9,C,C,C,C,ectomorph
163.0,50.0,18.82,B,A,B,B,ectomorph
168.0,104.0,36.85,B,C,B,C,endomorph
166.0,59.0,21.41,A,C,C,B,ectomorph
176.0,58.0,18.72,A,A,C,A,ectomorph
179.0,114.0,35.58,B,B,C,B,endomorph
180.0,85.0,26.23,C,C,C,B,endomorph
165.0,52.0,19.1,A,B,B,C,ectomorph
188.0,76.0,21.5,A,A,A,C,ectomorph
169.0,91.0,31.86,A,C,B,B,endomorph
189.0,84.0,23.52,A,B,B,B,mesomorph
184.0,98.0,28.95,C,B,A,A,endomorph
189.0,109.0,30.51,B,A,B,A,mesomorph
162.0,60.0,22.86,B,C,A,C,mesomorph
171.0,53.0,18.13,A,A,C,A,ectomorph
175.0,62.0,20.24,A,B,B,B,ectomorph
169.0,85.0,29.76,C,B,A,C,endomorph
163.0,80.0,30.11,B,A,B,B,mesomorph
186.0,109.0,31.51,C,B,A,B,endomorph
170.0,69.0,23.88,B,C,A,B,mesomorph
179.0,98.0,30.59,B,B,C,A,mesomorph
176.0,54.0,17.43,A,A,B,A,ectomorph
180.0,71.0,21.91,A,B,A,A,ectomorph
160.0,59.0,23.05,B,A,C,A,mesomorph
179.0,112.0,34.96,B,B,C,A,endomorph
166.0,108.0,39.19,C,B,C,B,endomorph
163.0,85.0,31.99,A,A,B,B,endomorph
172.0,54.0,18.25,A,A,C,A,ectomorph
174.0,57.0,18.83,A,A,B,A,ectomorph
160.0,91.0,35.55,A,A,B,C,endomorph
172.0,89.0,30.08,B,B,A,B,mesomorph
188.0,57.0,16.13,B,A,B,A,ectomorph
179.0,77.0,24.03,B,C,B,B,mesomorph
180.0,106.0,32.72,B,B,C,B,endomorph
185.0,102.0,29.8,B,C,C,B,mesomorph
184.0,107.0,31.6,C,C,C,A,endomorph
168.0,74.0,26.22,A,B,B,A,mesomorph
176.0,102.0,32.93,B,B,C,C,endomorph
183.0,87.0,25.98,A,C,B,B,mesomorph
172.0,60.0,20.28,A,B,C,B,ectomorph
187.0,84.0,24.02,A,B,B,A,mesomorph
180.0,87.0,26.85,A,C,C,A,mesomorph
185.0,77.0,22.5,B,C,B,C,mesomorph
172.0,80.0,27.04,A,B,C,A,mesomorph
180.0,56.0,17.28,C,A,B,B,ectomorph
169.0,105.0,36.76,B,A,C,B,endomorph
184.0,97.0,28.65,C,A,A,A,endomorph
183.0,81.0,24.19,A,B,B,C,mesomorph
185.0,106.0,30.97,B,B,B,A,mesomorph
179.0,64.0,19.97,A,A,A,C,ectomorph
163.0,81.0,30.49,A,C,C,A,endomorph
167.0,62.0,22.23,B,C,B,C,mesomorph
177.0,107.0,34.15,B,B,C,A,endomorph
167.0,106.0,38.01,C,B,C,B,endomorph
162.0,92.0,35.06,A,B,B,A,endomorph
160.0,69.0,26.95,B,A,B,C,mesomorph
176.0,52.0,16.79,A,C,A,A,ectomorph
185.0,74.0,21.62,A,B,A,C,ectomorph
179.0,109.0,34.02,A,C,A,C,endomorph
178.0,60.0,18.94,A,A,B,A,ectomorph
161.0,75.0,28.93,A,B,B,C,endomorph
162.0,75.0,28.58,B,B,C,B,mesomorph
181.0,67.0,20.45,A,A,A,C,ectomorph
185.0,77.0,22.5,C,A,A,A,mesomorph
176.0,53.0,17.11,B,B,A,A,ectomorph
169.0,92.0,32.21,B,C,C,B,endomorph
178.0,80.0,25.25,B,A,A,B,mesomorph
181.0,94.0,28.69,A,A,B,C,endomorph
180.0,110.0,33.95,B,B,C,A,endomorph
163.0,54.0,20.32,B,C,C,C,mesomorph
188.0,61.0,17.26,C,A,A,B,ectomorph
188.0,59.0,16.69,C,C,B,B,ectomorph
164.0,92.0,34.21,B,C,B,B,endomorph
185.0,110.0,32.14,C,C,C,A,endomorph
179.0,73.0,22.78,A,B,B,A,ectomorph
181.0,71.0,21.67,C,B,B,A,mesomorph
181.0,102.0,31.13,B,C,C,A,endomorph
189.0,71.0,19.88,A,A,B,B,ectomorph
186.0,51.0,14.74,A,A,C,C,ectomorph
182.0,111.0,33.51,B,B,C,B,endomorph
168.0,71.0,25.16,A,B,B,A,mesomorph
181.0,61.0,18.62,A,A,B,B,ectomorph
174.0,55.0,18.17,A,A,B,A,ectomorph
163.0,85.0,31.99,B,A,B,B,endomorph
179.0,58.0,18.1,B,C,B,A,ectomorph
180.0,98.0,30.25,B,B,C,A,mesomorph
189.0,53.0,14.84,A,B,B,C,ectomorph
186.0,60.0,17.34,A,A,C,B,ectomorph
187.0,74.0,21.16,A,A,B,C,ectomorph
186.0,92.0,26.59,A,A,A,B,mesomorph
189.0,99.0,27.71,B,A,C,B,mesomorph
184.0,102.0,30.13,C,C,C,B,endomorph
186.0,73.0,21.1,A,B,A,C,ectomorph
179.0,97.0,30.27,B,B,C,A,mesomorph
178.0,64.0,20.2,A,B,A,C,ectomorph
177.0,70.0,22.34,B,B,B,B,mesomorph
178.0,98.0,30.93,B,B,C,A,mesomorph
181.0,83.0,25.34,A,A,A,B,mesomorph
185.0,53.0,15.49,C,C,C,B,ectomorph
191.0,71.0,19.46,A,A,C,B,ectomorph
190.0,77.0,21.33,A,A,B,C,ectomorph
172.0,109.0,36.84,B,A,B,B,endomorph
162.0,59.0,22.48,A,C,B,C,ectomorph
184.0,70.0,20.68,A,B,A,A,ectomorph
172.0,90.0,30.42,A,A,C,B,endomorph
182.0,58.0,17.51,B,C,B,B,ectomorph
166.0,104.0,37.74,C,C,B,C,endomorph
178.0,94.0,29.67,B,C,A,A,mesomorph
181.0,99.0,30.22,B,B,C,A,mesomorph
171.0,103.0,35.22,A,C,B,A,endomorph
165.0,94.0,34.53,C,C,B,C,endomorph
179.0,62.0,19.35,A,A,C,A,ectomorph
173.0,55.0,18.38,A,A,C,A,ectomorph
174.0,85.0,28.08,B,B,B,B,mesomorph
177.0,79.0,25.22,B,A,B,B,mesomorph
168.0,109.0,38.62,A,C,A,A,endomorph
187.0,73.0,20.88,A,A,A,C,ectomorph
187.0,118.0,33.74,C,C,C,A,endomorph
179.0,63.0,19.66,B,C,B,A,mesomorph
161.0,52.0,20.06,B,B,A,B,mesomorph
175.0,100.0,32.65,A,A,C,B,endomorph
183.0,87.0,25.98,A,B,B,C,mesomorph
176.0,66.0,21.31,C,B,A,B,mesomorph
173.0,101.0,33.75,B,C,A,B,endomorph
188.0,69.0,19.52,A,B,C,B,ectomorph
161.0,62.0,23.92,B,B,A,B,mesomorph
183.0,71.0,21.2,B,B,B,B,mesomorph
187.0,55.0,15.73,B,B,B,C,ectomorph
174.0,103.0,34.02,C,B,C,B,endomorph
174.0,76.0,25.1,A,B,C,A,mesomorph
188.0,98.0,27.73,B,C,B,B,mesomorph
179.0,101.0,31.52,A,B,B,A,endomorph
181.0,103.0,31.44,A,B,B,B,endomorph
185.0,103.0,30.09,A,C,A,A,endomorph
163.0,60.0,22.58,B,B,A,C,mesomorph
185.0,100.0,29.22,B,A,B,C,mesomorph
160.0,60.0,23.44,B,C,B,A,mesomorph
189.0,68.0,19.04,A,B,B,C,ectomorph
170.0,83.0,28.72,B,B,C,B,mesomorph
181.0,63.0,19.23,A,A,C,B,ectomorph
174.0,107.0,35.34,C,C,C,A,endomorph
176.0,65.0,20.98,C,C,C,B,mesomorph
186.0,67.0,19.37,A,A,C,B,ectomorph
172.0,91.0,30.76,B,B,C,B,mesomorph
183.0,85.0,25.38,B,C,A,C,mesomorph
185.0,64.0,18.7,C,A,C,C,ectomorph
180.0,73.0,22.53,A,B,A,C,ectomorph
172.0,51.0,17.24,C,A,B,A,ectomorph
168.0,105.0,37.2,A,B,A,B,endomorph
172.0,107.0,36.17,B,C,B,C,endomorph
178.0,96.0,30.3,B,A,A,A,mesomorph
172.0,94.0,31.77,B,A,B,B,endomorph
172.0,88.0,29.75,B,B,C,A,mesomorph
180.0,73.0,22.53,B,B,B,A,mesomorph
189.0,76.0,21.27,A,A,B,C,ectomorph
184.0,107.0,31.6,B,B,A,A,endomorph
176.0,99.0,31.96,A,C,A,C,endomorph
179.0,69.0,21.53,C,B,A,B,mesomorph
184.0,88.0,25.99,C,B,B,C,endomorph
183.0,107.0,31.95,C,A,C,C,endomorph
181.0,98.0,29.91,B,B,C,A,mesomorph
189.0,65.0,18.2,C,C,C,C,ectomorph
184.0,90.0,26.58,B,C,C,B,mesomorph
177.0,65.0,20.75,A,A,B,C,ectomorph
182.0,71.0,21.43,A,B,A,C,ectomorph
179.0,55.0,17.17,C,A,B,B,ectomorph
168.0,71.0,25.16,A,A,B,B,mesomorph
174.0,93.0,30.72,B,A,B,B,mesomorph
181.0,69.0,21.06,A,A,A,C,ectomorph
170.0,54.0,18.69,A,A,A,A,ectomorph
172.0,60.0,20.28,A,B,A,A,mesomorph
168.0,62.0,21.97,B,B,B,A,mesomorph
175.0,68.0,22.2,B,B,C,A,mesomorph
178.0,74.0,23.35,B,C,B,B,endomorph
165.0,80.0,29.38,C,C,B,C,endomorph
160.0,85.0,33.2,C,C,A,C,endomorph
180.0,88.0,27.16,C,C,C,B,endomorph
182.0,76.0,22.94,B,B,C,B,mesomorph
169.0,64.0,22.41,B,B,A,A,mesomorph
171.0,92.0,31.46,C,C,B,C,endomorph
173.0,70.0,23.39,B,B,B,A,mesomorph
167.0,50.0,17.93,A,A,A,A,ectomorph
176.0,97.0,31.31,C,C,B,C,endomorph
174.0,74.0,24.45,B,B,C,B,mesomorph
168.0,88.0,31.18,C,C,A,C,endomorph
177.0,58.0,18.51,A,A,B,A,ectomorph
181.0,90.0,27.47,C,C,C,B,endomorph
179.0,76.0,23.72,B,B,B,B,mesomorph
166.0,60.0,21.77,A,B,A,B,mesomorph
170.0,95.0,32.87,C,C,B,C,endomorph
172.0,66.0,22.31,B,B,B,A,mesomorph
169.0,52.0,18.2,A,A,A,A,ectomorph
175.0,82.0,26.78,C,C,B,B,endomorph
168.0,72.0,25.51,B,C,A,B,endomorph
182.0,64.0,19.32,A,A,B,A,ectomorph
176.0,84.0,27.12,C,C,B,B,endomorph
173.0,68.0,22.72,B,B,C,A,mesomorph
167.0,48.0,17.2,A,A,A,A,ectomorph
180.0,92.0,28.4,C,C,C,C,endomorph
171.0,61.0,20.86,A,B,A,A,mesomorph
174.0,70.0,23.12,B,B,B,A,mesomorph
165.0,87.0,31.96,C,C,A,C,endomorph
178.0,66.0,20.82,A,A,B,A,ectomorph
169.0,74.0,25.91,B,C,B,B,endomorph
177.0,71.0,22.66,B,B,C,A,mesomorph
170.0,52.0,18.0,A,A,A,A,ectomorph
172.0,90.0,30.42,C,C,B,C,endomorph
175.0,69.0,22.53,B,B,B,A,mesomorph
168.0,63.0,22.32,B,B,A,B,mesomorph
176.0,78.0,25.18,B,B,C,B,mesomorph
180.0,98.0,30.25,C,C,C,C,endomorph
167.0,59.0,21.16,A,B,A,A,mesomorph
173.0,72.0,24.05,B,B,B,B,mesomorph
171.0,84.0,28.73,C,C,B,C,endomorph
178.0,62.0,19.56,A,A,B,A,ectomorph
165.0,70.0,25.71,B,C,A,B,endomorph
172.0,77.0,26.02,B,C,B,B,endomorph
169.0,66.0,23.11,B,B,B,A,mesomorph
177.0,56.0,17.87,A,A,A,A,ectomorph
181.0,94.0,28.68,C,C,B,C,endomorph
168.0,55.0,19.49,A,A,A,A,ectomorph
174.0,82.0,27.08,C,C,B,B,endomorph
170.0,68.0,23.53,B,B,C,A,mesomorph
175.0,62.0,20.24,A,A,B,A,ectomorph
167.0,80.0,28.69,C,C,B,C,endomorph
179.0,74.0,23.09,B,B,B,A,mesomorph
172.0,48.0,16.22,A,A,A,A,ectomorph
176.0,90.0,29.05,C,C,B,C,endomorph
171.0,72.0,24.62,B,B,C,B,mesomorph
168.0,66.0,23.38,B,B,B,A,mesomorph
180.0,70.0,21.6,B,B,B,A,mesomorph
173.0,98.0,32.75,C,C,C,C,endomorph
166.0,54.0,19.59,A,A,A,A,ectomorph
177.0,88.0,28.09,C,C,B,C,endomorph
170.0,64.0,22.15,B,B,B,A,mesomorph
175.0,74.0,24.16,B,B,C,B,mesomorph
169.0,82.0,28.71,C,C,B,C,endomorph
178.0,68.0,21.46,B,B,B,A,mesomorph
171.0,56.0,19.15,A,A,A,A,ectomorph
167.0,75.0,26.89,C,C,B,C,endomorph
180.0,78.0,24.07,B,B,C,B,mesomorph
173.0,62.0,20.72,A,A,B,A,ectomorph
168.0,85.0,30.12,C,C,B,C,endomorph
176.0,72.0,23.24,B,B,B,A,mesomorph
170.0,54.0,18.69,A,A,A,A,ectomorph
174.0,92.0,30.38,C,C,B,C,endomorph
177.0,70.0,22.34,B,B,C,A,mesomorph
165.0,52.0,19.1,A,A,A,A,ectomorph
172.0,88.0,29.74,C,C,B,C,endomorph
179.0,75.0,23.41,B,B,B,B,mesomorph
168.0,60.0,21.26,A,B,A,A,mesomorph
180.0,102.0,31.48,C,C,C,C,endomorph
171.0,67.0,22.91,B,B,B,A,mesomorph
175.0,54.0,17.63,A,A,A,A,ectomorph
169.0,80.0,28.01,C,C,B,C,endomorph
176.0,74.0,23.89,B,B,C,B,mesomorph
170.0,62.0,21.45,A,B,A,A,mesomorph
167.0,92.0,32.99,C,C,B,C,endomorph
182.0,68.0,20.53,A,A,B,A,ectomorph
173.0,78.0,26.06,B,C,B,B,endomorph
168.0,64.0,22.68,B,B,B,A,mesomorph
177.0,92.0,29.36,C,C,C,C,endomorph
171.0,50.0,17.1,A,A,A,A,ectomorph
174.0,70.0,23.12,B,B,B,A,mesomorph
165.0,82.0,30.12,C,C,B,C,endomorph
178.0,58.0,18.31,A,A,B,A,ectomorph
170.0,72.0,24.91,B,B,B,B,mesomorph
176.0,97.0,31.31,C,C,B,C,endomorph
169.0,53.0,18.56,A,A,A,A,ectomorph
175.0,88.0,28.73,C,C,B,C,endomorph
168.0,67.0,23.74,B,B,B,A,mesomorph
180.0,64.0,19.75,A,A,B,A,ectomorph
173.0,74.0,24.73,B,B,C,B,mesomorph
167.0,94.0,33.69,C,C,B,C,endomorph
178.0,78.0,24.61,B,B,C,B,mesomorph
171.0,63.0,21.55,B,B,B,A,mesomorph
165.0,57.0,20.94,A,A,A,A,ectomorph
172.0,80.0,27.04,C,C,B,C,endomorph
179.0,70.0,21.85,B,B,B,A,mesomorph
170.0,98.0,33.91,C,C,C,C,endomorph
168.0,50.0,17.72,A,A,A,A,ectomorph
174.0,78.0,25.77,B,C,B,B,endomorph
176.0,88.0,28.41,C,C,B,C,endomorph
171.0,66.0,22.57,B,B,B,A,mesomorph
167.0,60.0,21.51,A,B,A,A,mesomorph
180.0,94.0,29.01,C,C,B,C,endomorph
173.0,65.0,21.72,B,B,B,A,mesomorph
169.0,48.0,16.8,A,A,A,A,ectomorph
175.0,92.0,30.04,C,C,B,C,endomorph
178.0,72.0,22.72,B,B,C,A,mesomorph
170.0,60.0,20.76,A,B,A,A,mesomorph
168.0,78.0,27.63,C,C,B,C,endomorph
182.0,70.0,21.13,B,B,B,A,mesomorph
165.0,55.0,20.2,A,A,A,A,ectomorph
172.0,76.0,25.69,B,C,B,B,endomorph
179.0,66.0,20.59,A,B,B,A,mesomorph
170.0,90.0,31.14,C,C,C,C,endomorph
168.0,52.0,18.42,A,A,A,A,ectomorph
174.0,72.0,23.78,B,B,B,A,mesomorph
176.0,82.0,26.47,C,C,B,C,endomorph
171.0,68.0,23.26,B,B,B,A,mesomorph
167.0,62.0,22.22,A,B,A,A,mesomorph
180.0,96.0,29.63,C,C,B,C,endomorph
173.0,60.0,20.05,A,A,B,A,ectomorph
169.0,46.0,16.1,A,A,A,A,ectomorph
175.0,85.0,27.76,C,C,B,C,endomorph
178.0,74.0,23.35,B,B,C,A,mesomorph
170.0,64.0,22.15,B,B,B,A,mesomorph
168.0,82.0,29.05,C,C,B,C,endomorph
182.0,72.0,21.74,B,B,B,A,mesomorph
165.0,58.0,21.3,A,B,A,A,mesomorph
172.0,84.0,28.39,C,C,B,C,endomorph
179.0,68.0,21.22,B,B,B,A,mesomorph
170.0,100.0,34.6,C,C,C,C,endomorph
168.0,54.0,19.13,A,A,A,A,ectomorph
174.0,76.0,25.1,B,C,B,B,endomorph
176.0,86.0,27.76,C,C,B,C,endomorph
171.0,65.0,22.23,B,B,B,A,mesomorph
167.0,56.0,20.08,A,A,A,A,ectomorph
180.0,90.0,27.78,C,C,B,C,endomorph
173.0,62.0,20.72,A,B,A,A,mesomorph
169.0,50.0,17.51,A,A,A,A,ectomorph
175.0,95.0,31.02,C,C,B,C,endomorph
178.0,70.0,22.09,B,B,C,A,mesomorph
170.0,58.0,20.07,A,B,A,A,mesomorph
168.0,88.0,31.18,C,C,B,C,endomorph
182.0,66.0,19.92,A,A,B,A,ectomorph
165.0,60.0,22.04,A,B,A,A,mesomorph
172.0,90.0,30.42,C,C,C,C,endomorph
179.0,72.0,22.47,B,B,B,A,mesomorph
170.0,62.0,21.45,B,B,A,A,mesomorph
168.0,75.0,26.57,C,C,B,C,endomorph
182.0,74.0,22.34,B,B,B,A,mesomorph
162.0,55.0,20.96,A,B,B,C,ectomorph
180.0,69.0,21.3,B,C,B,A,mesomorph
172.0,86.0,29.07,B,B,C,B,mesomorph
162.0,72.0,27.43,B,B,C,B,mesomorph
160.0,84.0,32.81,C,A,B,B,endomorph
187.0,66.0,18.87,A,A,B,B,ectomorph
195.0,81.0,21.3,A,A,B,C,ectomorph
183.0,100.0,29.86,A,B,C,B,endomorph
185.0,89.0,26.0,A,C,A,B,mesomorph
160.0,64.0,25.0,C,B,C,B,endomorph
171.0,100.0,34.2,B,B,B,B,endomorph
184.0,92.0,27.17,B,B,A,B,mesomorph
166.0,76.0,27.58,B,B,C,B,mesomorph
184.0,105.0,31.01,C,C,C,B,endomorph
180.0,104.0,32.1,B,B,A,A,endomorph
176.0,107.0,34.54,B,B,C,B,endomorph
168.0,52.0,18.42,A,C,A,C,ectomorph
188.0,65.0,18.39,B,B,A,A,ectomorph
184.0,77.0,22.74,B,B,A,B,mesomorph
184.0,103.0,30.42,B,C,B,C,mesomorph
178.0,105.0,33.14,C,B,C,A,endomorph
177.0,75.0,23.94,A,A,A,C,mesomorph
182.0,62.0,18.72,A,A,C,B,ectomorph
193.0,81.0,21.75,A,A,B,C,ectomorph
180.0,57.0,17.59,C,C,B,B,ectomorph
179.0,78.0,24.34,B,B,C,A,mesomorph
183.0,58.0,17.32,B,B,C,A,ectomorph
182.0,71.0,21.43,A,A,A,C,ectomorph
161.0,54.0,20.83,B,B,B,B,mesomorph
189.0,71.0,19.88,B,C,A,A,mesomorph
171.0,81.0,27.7,B,B,C,B,mesomorph
176.0,95.0,30.67,B,B,C,B,mesomorph
186.0,104.0,30.06,C,C,C,A,endomorph
184.0,71.0,20.97,B,C,C,B,mesomorph
165.0,100.0,36.73,B,C,C,C,endomorph
183.0,116.0,34.64,C,C,C,A,endomorph
183.0,98.0,29.26,B,C,B,B,mesomorph
186.0,80.0,23.12,B,B,C,A,mesomorph
195.0,82.0,21.56,A,A,B,C,ectomorph
177.0,58.0,18.51,A,A,B,A,ectomorph
171.0,61.0,20.86,C,B,A,C,mesomorph
174.0,91.0,30.06,B,B,C,A,mesomorph
162.0,65.0,24.77,B,C,A,A,mesomorph
178.0,90.0,28.41,B,B,A,A,mesomorph
178.0,74.0,23.36,B,C,C,A,mesomorph
169.0,84.0,29.41,C,A,B,C,endomorph
187.0,71.0,20.3,B,B,B,B,mesomorph
187.0,83.0,23.74,A,C,A,B,mesomorph
164.0,95.0,35.32,C,B,A,C,endomorph
169.0,89.0,31.16,A,B,C,B,endomorph
192.0,79.0,21.43,A,A,B,C,ectomorph
187.0,74.0,21.16,A,B,A,C,ectomorph
188.0,98.0,27.73,B,A,B,B,mesomorph
160.0,52.0,20.31,C,A,B,C,mesomorph
183.0,52.0,15.53,A,B,C,A,ectomorph
186.0,70.0,20.23,A,A,C,B,ectomorph
184.0,74.0,21.85,A,A,A,C,ectomorph
178.0,65.0,20.52,C,B,B,C,mesomorph
178.0,60.0,18.94,A,A,B,A,ectomorph
182.0,67.0,20.23,A,A,B,C,ectomorph
186.0,107.0,30.93,A,B,B,A,endomorph
163.0,59.0,22.21,A,C,B,C,ectomorph
185.0,98.0,28.63,A,A,C,C,endomorph
190.0,77.0,21.33,A,B,A,C,ectomorph
180.0,84.0,25.93,B,A,C,C,mesomorph
175.0,61.0,19.92,C,A,B,B,mesomorph
180.0,69.0,21.3,A,A,A,C,ectomorph
173.0,97.0,32.41,A,A,C,A,endomorph
170.0,84.0,29.07,B,B,C,B,mesomorph
163.0,75.0,28.23,B,B,C,A,mesomorph
186.0,82.0,23.7,A,A,B,C,mesomorph
176.0,61.0,19.69,C,B,B,B,mesomorph
175.0,108.0,35.27,B,B,C,A,endomorph
176.0,57.0,18.4,A,A,B,A,ectomorph
187.0,69.0,19.73,A,C,C,A,ectomorph
185.0,60.0,17.53,B,C,B,A,ectomorph
190.0,72.0,19.94,A,A,C,B,ectomorph
167.0,52.0,18.65,B,B,A,A,ectomorph
164.0,64.0,23.8,B,C,C,C,mesomorph
181.0,104.0,31.75,B,B,C,B,endomorph
172.0,60.0,20.28,A,C,A,A,ectomorph
177.0,99.0,31.6,A,B,C,A,endomorph
164.0,85.0,31.6,A,C,A,C,endomorph
175.0,91.0,29.71,B,A,A,B,mesomorph
184.0,63.0,18.61,A,A,C,A,ectomorph
182.0,95.0,28.68,B,A,B,A,mesomorph
172.0,53.0,17.92,A,A,C,A,ectomorph
165.0,99.0,36.36,A,B,B,C,endomorph
183.0,71.0,21.2,A,A,A,C,ectomorph
189.0,70.0,19.59,A,A,B,B,ectomorph
172.0,54.0,18.25,C,A,B,C,ectomorph
168.0,95.0,33.66,B,B,A,A,endomorph
175.0,103.0,33.63,A,B,A,B,endomorph
164.0,93.0,34.58,A,A,B,A,endomorph
181.0,79.0,24.11,B,C,C,A,mesomorph
165.0,93.0,34.16,B,A,B,A,endomorph
172.0,105.0,35.49,B,A,C,C,endomorph
176.0,101.0,32.6,B,B,C,B,endomorph
186.0,125.0,36.13,C,C,C,A,endomorph
189.0,75.0,20.99,A,B,A,C,ectomorph
182.0,107.0,32.31,B,B,C,A,endomorph
170.0,60.0,20.76,A,A,A,B,ectomorph
180.0,60.0,18.52,A,A,C,A,ectomorph
177.0,51.0,16.28,A,A,C,B,ectomorph
176.0,104.0,33.57,B,C,B,C,endomorph
178.0,107.0,33.77,B,B,C,A,endomorph
185.0,72.0,21.04,A,A,A,C,ectomorph
180.0,74.0,22.84,A,B,C,B,ectomorph
187.0,70.0,20.02,A,A,B,B,ectomorph
164.0,77.0,28.63,B,B,C,B,mesomorph
163.0,52.0,19.57,B,A,B,B,mesomorph
161.0,106.0,40.89,A,B,A,C,endomorph
175.0,61.0,19.92,B,A,C,B,mesomorph
166.0,79.0,28.67,B,B,C,B,mesomorph
170.0,95.0,32.87,C,C,A,B,endomorph
184.0,121.0,35.74,C,C,C,A,endomorph
182.0,94.0,28.38,B,B,B,B,mesomorph
189.0,75.0,20.99,A,A,B,C,ectomorph
178.0,69.0,21.78,A,C,B,C,ectomorph
191.0,79.0,21.65,A,A,B,C,ectomorph
193.0,80.0,21.48,A,A,A,C,ectomorph
184.0,112.0,33.08,C,C,C,A,endomorph
171.0,70.0,23.94,C,C,B,C,endomorph
181.0,64.0,19.54,A,A,C,B,ectomorph
163.0,95.0,35.76,A,C,C,B,endomorph
164.0,56.0,20.82,B,B,A,A,mesomorph
169.0,82.0,28.71,B,A,B,B,mesomorph
169.0,109.0,38.16,B,C,A,A,endomorph
183.0,64.0,19.11,A,A,B,A,ectomorph
185.0,80.0,23.37,A,B,B,A,mesomorph
182.0,108.0,32.6,A,C,B,C,endomorph
174.0,107.0,35.34,A,C,B,C,endomorph
168.0,56.0,19.84,B,A,B,A,mesomorph
165.0,50.0,18.37,B,B,A,C,ectomorph
174.0,107.0,35.34,B,B,A,C,endomorph
163.0,106.0,39.9,A,A,C,A,endomorph
188.0,77.0,21.79,A,B,A,C,ectomorph
182.0,83.0,25.06,C,A,C,C,endomorph
166.0,68.0,24.68,B,A,A,C,mesomorph
189.0,85.0,23.8,C,B,C,B,endomorph
169.0,86.0,30.11,C,A,C,B,endomorph
180.0,91.0,28.09,C,C,A,A,endomorph
187.0,75.0,21.45,A,A,B,C,ectomorph
171.0,83.0,28.38,B,B,C,B,mesomorph
163.0,72.0,27.1,B,B,A,C,mesomorph
165.0,99.0,36.36,C,B,B,C,endomorph
172.0,87.0,29.41,A,A,A,A,endomorph
168.0,85.0,30.12,B,A,A,A,mesomorph
176.0,104.0,33.57,C,B,B,A,endomorph
172.0,89.0,30.08,B,C,C,C,mesomorph
164.0,78.0,29.0,C,B,A,C,endomorph
184.0,73.0,21.56,A,A,A,C,ectomorph
176.0,99.0,31.96,B,B,C,A,endomorph
183.0,66.0,19.71,A,A,C,B,ectomorph
187.0,67.0,19.16,A,C,A,B,ectomorph
188.0,74.0,20.94,A,A,A,C,ectomorph
188.0,81.0,22.92,A,C,C,C,ectomorph
170.0,73.0,25.26,A,A,B,A,mesomorph
183.0,77.0,22.99,C,A,B,A,mesomorph
180.0,76.0,23.46,B,B,A,A,mesomorph
170.0,57.0,19.72,A,B,A,C,ectomorph
170.0,77.0,26.64,B,B,B,A,mesomorph
180.0,61.0,18.83,C,A,C,C,ectomorph
178.0,80.0,25.25,B,B,B,B,mesomorph
165.0,107.0,39.3,B,A,C,C,endomorph
160.0,53.0,20.7,B,B,B,B,mesomorph
167.0,83.0,29.76,C,A,B,B,endomorph
183.0,126.0,37.62,C,C,C,A,endomorph
172.0,74.0,25.01,C,C,A,A,endomorph
167.0,57.0,20.44,A,B,B,C,ectomorph
187.0,68.0,19.45,A,A,B,B,ectomorph
186.0,66.0,19.08,C,B,C,A,ectomorph
185.0,106.0,30.97,C,C,C,A,endomorph
183.0,71.0,21.2,A,A,B,C,ectomorph
189.0,68.0,19.04,B,C,B,C,ectomorph
183.0,74.0,22.1,A,B,A,B,ectomorph
189.0,68.0,19.04,C,C,C,B,ectomorph
172.0,76.0,25.69,A,B,A,B,mesomorph
163.0,56.0,21.08,A,A,B,B,ectomorph
168.0,64.0,22.68,A,A,C,C,ectomorph
189.0,90.0,25.2,A,B,B,C,mesomorph
176.0,92.0,29.7,B,B,C,A,mesomorph
185.0,66.0,19.28,A,A,B,A,ectomorph
187.0,107.0,30.6,C,C,B,B,endomorph
185.0,73.0,21.33,B,C,A,A,mesomorph
181.0,64.0,19.54,A,A,C,B,ectomorph
168.0,85.0,30.12,B,B,B,C,mesomorph
184.0,115.0,33.97,C,C,C,A,endomorph
175.0,101.0,32.98,A,A,B,B,endomorph
181.0,70.0,21.37,B,A,A,A,mesomorph
187.0,109.0,31.17,C,C,A,C,endomorph
169.0,93.0,32.56,B,A,A,C,endomorph
187.0,126.0,36.03,C,C,C,A,endomorph
183.0,64.0,19.11,A,A,B,A,ectomorph
177.0,70.0,22.34,B,A,A,B,mesomorph
184.0,81.0,23.92,A,B,C,A,mesomorph
184.0,119.0,35.15,C,C,C,A,endomorph
173.0,55.0,18.38,A,B,C,C,ectomorph
183.0,62.0,18.51,A,A,B,A,ectomorph
172.0,94.0,31.77,A,B,B,C,endomorph
175.0,55.0,17.96,B,A,A,C,ectomorph
182.0,67.0,20.23,A,C,C,B,ectomorph
180.0,57.0,17.59,A,A,C,A,ectomorph
182.0,79.0,23.85,C,B,C,B,endomorph
175.0,92.0,30.04,C,B,C,A,endomorph
181.0,90.0,27.47,B,A,B,B,mesomorph
184.0,65.0,19.2,A,A,C,A,ectomorph
176.0,62.0,20.02,A,A,B,C,ectomorph
160.0,70.0,27.34,B,B,C,A,mesomorph
170.0,81.0,28.03,B,C,A,C,mesomorph
185.0,55.0,16.07,A,C,C,C,ectomorph
164.0,77.0,28.63,B,C,B,B,mesomorph
183.0,58.0,17.32,A,B,C,B,ectomorph
189.0,88.0,24.64,C,C,C,C,endomorph
169.0,94.0,32.91,B,C,A,A,endomorph
161.0,89.0,34.34,C,C,B,C,endomorph
181.0,108.0,32.97,B,B,C,A,endomorph
177.0,104.0,33.2,C,A,C,B,endomorph
177.0,64.0,20.43,A,A,B,C,ectomorph
160.0,50.0,19.53,A,A,B,B,ectomorph
187.0,122.0,34.89,C,C,C,A,endomorph
187.0,75.0,21.45,A,B,A,C,ectomorph
174.0,62.0,20.48,B,B,C,A,mesomorph
179.0,52.0,16.23,B,B,B,B,ectomorph
163.0,79.0,29.73,A,A,A,B,endomorph
182.0,104.0,31.4,C,C,C,A,endomorph
172.0,80.0,27.04,C,B,C,B,endomorph
184.0,65.0,19.2,A,A,C,A,ectomorph
176.0,64.0,20.66,A,B,A,C,ectomorph
188.0,75.0,21.22,A,A,A,C,ectomorph
181.0,68.0,20.76,A,A,A,C,ectomorph
170.0,75.0,25.95,C,B,A,B,endomorph
190.0,76.0,21.05,A,A,B,C,ectomorph
175.0,58.0,18.94,A,A,C,A,ectomorph
165.0,93.0,34.16,B,A,B,B,endomorph
175.0,83.0,27.1,B,B,B,C,mesomorph
165.0,53.0,19.47,B,B,B,C,ectomorph
188.0,55.0,15.56,C,B,C,B,ectomorph
174.0,79.0,26.09,B,B,B,A,mesomorph
164.0,74.0,27.51,B,B,C,B,mesomorph
167.0,77.0,27.61,C,B,C,C,endomorph
176.0,70.0,22.6,B,C,C,C,mesomorph
181.0,67.0,20.45,A,A,B,C,ectomorph
177.0,96.0,30.64,B,B,C,A,mesomorph
179.0,80.0,24.97,A,C,A,B,mesomorph
184.0,64.0,18.9,A,A,C,A,ectomorph
188.0,74.0,20.94,A,B,A,C,ectomorph
181.0,72.0,21.98,C,B,B,B,mesomorph
175.0,72.0,23.51,B,B,B,B,mesomorph
186.0,78.0,22.55,A,C,C,B,ectomorph
165.0,62.0,22.77,A,B,B,A,ectomorph
171.0,70.0,23.94,B,C,B,C,mesomorph
170.0,94.0,32.53,B,A,A,C,endomorph
188.0,57.0,16.13,C,C,A,A,ectomorph
173.0,73.0,24.39,B,A,C,A,mesomorph
182.0,74.0,22.34,C,A,C,C,mesomorph
182.0,69.0,20.83,A,A,B,C,ectomorph
182.0,65.0,19.62,A,A,C,B,ectomorph
161.0,107.0,41.28,B,C,B,C,endomorph
185.0,68.0,19.87,A,A,C,B,ectomorph
185.0,74.0,21.62,C,C,B,A,mesomorph
175.0,61.0,19.92,A,A,B,C,ectomorph
185.0,71.0,20.75,A,A,B,C,ectomorph
177.0,93.0,29.68,B,B,C,A,mesomorph
182.0,102.0,30.79,B,C,C,A,mesomorph
183.0,85.0,25.38,B,A,B,B,mesomorph
177.0,65.0,20.75,B,B,A,C,mesomorph
182.0,61.0,18.42,A,A,C,A,ectomorph
177.0,63.0,20.11,A,B,A,C,ectomorph
176.0,98.0,31.64,B,C,B,A,endomorph
188.0,74.0,20.94,A,A,A,C,ectomorph
184.0,56.0,16.54,B,A,B,C,ectomorph
187.0,99.0,28.31,C,B,C,C,endomorph
165.0,90.0,33.06,A,A,C,B,endomorph
185.0,92.0,26.88,B,C,C,A,mesomorph
176.0,51.0,16.46,B,C,C,C,ectomorph
168.0,80.0,28.34,C,C,A,A,endomorph
181.0,100.0,30.52,A,C,A,B,endomorph
174.0,67.0,22.13,C,B,C,A,mesomorph
179.0,61.0,19.04,B,C,A,C,ectomorph
177.0,64.0,20.43,B,C,A,A,mesomorph
170.0,70.0,24.22,A,B,B,B,mesomorph
169.0,94.0,32.91,A,A,B,C,endomorph
172.0,51.0,17.24,B,C,B,C,ectomorph
169.0,88.0,30.81,A,B,C,A,endomorph
183.0,99.0,29.56,C,B,A,C,endomorph
179.0,94.0,29.34,A,A,C,B,endomorph
160.0,58.0,22.66,C,A,B,C,mesomorph
172.0,56.0,18.93,C,B,A,A,ectomorph
178.0,57.0,17.99,B,B,C,B,ectomorph
184.0,103.0,30.42,C,C,C,A,endomorph
187.0,62.0,17.73,C,B,B,C,ectomorph
180.0,59.0,18.21,A,A,C,A,ectomorph
180.0,68.0,20.99,A,B,A,C,ectomorph
169.0,61.0,21.36,B,B,B,B,mesomorph
180.0,68.0,20.99,A,A,B,C,ectomorph
184.0,74.0,21.86,A,A,B,A,ectomorph
168.0,78.0,27.64,B,B,C,B,mesomorph
174.0,54.0,17.84,C,B,A,B,ectomorph
187.0,69.0,19.73,B,C,A,C,mesomorph
182.0,63.0,19.02,A,A,C,A,ectomorph
180.0,60.0,18.52,B,B,A,A,ectomorph
178.0,103.0,32.51,B,B,C,A,endomorph
179.0,56.0,17.48,B,B,A,A,ectomorph
161.0,99.0,38.19,C,C,C,C,endomorph
162.0,50.0,19.05,C,B,C,B,ectomorph
162.0,89.0,33.91,A,B,A,B,endomorph
169.0,81.0,28.36,B,B,C,A,mesomorph
183.0,103.0,30.76,C,B,C,B,endomorph
170.0,109.0,37.72,C,A,C,B,endomorph
189.0,72.0,20.16,A,A,B,B,ectomorph
173.0,80.0,26.73,C,C,B,C,endomorph
175.0,92.0,30.04,B,B,C,A,mesomorph
186.0,58.0,16.76,B,C,B,A,ectomorph
180.0,105.0,32.41,B,B,C,A,endomorph
179.0,75.0,23.41,B,A,A,B,mesomorph
185.0,96.0,28.05,C,B,A,B,endomorph
176.0,95.0,30.67,B,B,C,A,mesomorph
180.0,109.0,33.64,B,A,C,C,endomorph
175.0,92.0,30.04,C,A,C,B,endomorph
180.0,67.0,20.68,A,B,A,C,ectomorph
176.0,73.0,23.57,B,C,B,B,mesomorph
179.0,99.0,30.9,A,C,B,A,endomorph
180.0,108.0,33.33,C,A,C,B,endomorph
171.0,84.0,28.73,B,B,C,B,mesomorph
161.0,102.0,39.35,A,B,A,C,endomorph
180.0,96.0,29.63,B,B,C,A,mesomorph
173.0,91.0,30.41,B,B,C,B,mesomorph
176.0,56.0,18.08,A,A,B,A,ectomorph
166.0,71.0,25.77,A,B,C,A,mesomorph
167.0,107.0,38.37,B,A,C,A,endomorph
173.0,66.0,22.05,B,B,B,B,mesomorph
191.0,79.0,21.65,A,A,B,C,ectomorph
164.0,76.0,28.26,A,C,B,B,endomorph
192.0,79.0,21.43,A,A,A,C,ectomorph
185.0,70.0,20.45,C,B,C,B,mesomorph
162.0,81.0,30.86,B,B,B,B,mesomorph
182.0,77.0,23.25,B,B,B,C,mesomorph
189.0,76.0,21.27,A,B,A,C,ectomorph
169.0,67.0,23.46,B,C,C,C,mesomorph
181.0,63.0,19.23,B,A,A,B,ectomorph
164.0,75.0,27.89,B,A,A,B,mesomorph
167.0,107.0,38.37,B,B,A,A,endomorph
190.0,72.0,19.94,A,A,C,B,ectomorph
175.0,96.0,31.35,C,B,B,C,endomorph
181.0,76.0,23.2,B,B,A,C,mesomorph
167.0,108.0,38.72,A,C,C,B,endomorph
188.0,79.0,22.35,B,A,B,C,mesomorph
178.0,86.0,27.14,B,B,A,B,mesomorph
189.0,52.0,14.56,A,B,B,C,ectomorph
179.0,74.0,23.1,C,C,C,C,endomorph
186.0,78.0,22.55,B,C,A,A,mesomorph
186.0,62.0,17.92,C,A,C,B,ectomorph
171.0,102.0,34.88,B,B,C,C,endomorph
183.0,50.0,14.93,C,B,C,C,ectomorph
178.0,96.0,30.3,B,C,A,B,mesomorph
185.0,67.0,19.58,C,C,A,B,mesomorph
188.0,69.0,19.52,A,C,B,C,ectomorph
179.0,55.0,17.17,B,B,A,B,ectomorph
185.0,66.0,19.28,A,A,B,B,ectomorph
167.0,100.0,35.86,B,B,B,C,endomorph
174.0,95.0,31.38,B,B,C,B,endomorph
164.0,57.0,21.19,B,B,A,C,mesomorph
168.0,68.0,24.09,B,B,C,B,mesomorph
185.0,80.0,23.37,C,B,A,A,endomorph
182.0,63.0,19.02,A,A,C,A,ectomorph
183.0,76.0,22.69,C,A,C,C,mesomorph
181.0,68.0,20.76,A,A,B,C,ectomorph
162.0,74.0,28.19,B,B,C,B,mesomorph
163.0,78.0,29.36,C,C,C,B,endomorph
180.0,87.0,26.85,B,A,B,B,mesomorph
182.0,110.0,33.21,B,B,C,A,endomorph
187.0,88.0,25.17,C,C,A,B,endomorph
183.0,71.0,21.2,A,A,A,C,ectomorph
186.0,69.0,19.95,A,A,C,B,ectomorph
168.0,53.0,18.78,C,A,B,B,ectomorph
175.0,62.0,20.24,A,A,A,C,ectomorph
187.0,82.0,23.45,B,A,A,C,mesomorph
164.0,85.0,31.6,B,B,C,A,endomorph
182.0,65.0,19.62,B,A,A,B,mesomorph
185.0,63.0,18.41,C,B,B,C,ectomorph
180.0,108.0,33.33,C,A,C,A,endomorph
180.0,82.0,25.31,B,C,C,A,mesomorph
186.0,72.0,20.81,C,A,A,A,mesomorph
163.0,73.0,27.47,B,B,C,A,mesomorph
186.0,72.0,20.81,A,A,A,C,ectomorph
184.0,67.0,19.79,A,A,C,A,ectomorph
175.0,56.0,18.29,A,A,C,A,ectomorph
181.0,108.0,32.97,C,A,B,B,endomorph
164.0,85.0,31.6,B,C,A,B,endomorph
161.0,86.0,33.18,A,B,C,B,endomorph
176.0,60.0,19.37,B,A,B,B,ectomorph
182.0,76.0,22.94,B,B,A,C,mesomorph
174.0,54.0,17.84,A,B,C,C,ectomorph
160.0,80.0,31.25,C,A,C,C,endomorph
163.0,100.0,37.64,C,C,B,B,endomorph
185.0,74.0,21.62,A,A,A,C,ectomorph
186.0,73.0,21.1,A,A,A,C,ectomorph
185.0,54.0,15.78,B,C,C,A,ectomorph
188.0,102.0,28.86,C,C,B,A,endomorph
172.0,55.0,18.59,A,A,C,A,ectomorph
189.0,57.0,15.96,A,C,A,A,ectomorph
160.0,80.0,31.25,B,A,A,B,endomorph
186.0,50.0,14.45,B,A,C,A,ectomorph
164.0,75.0,27.89,B,B,C,B,mesomorph
170.0,69.0,23.88,A,A,B,B,mesomorph
185.0,105.0,30.68,C,C,C,A,endomorph
172.0,58.0,19.61,C,B,C,A,mesomorph
162.0,93.0,35.44,B,B,C,A,endomorph
180.0,61.0,18.83,A,A,C,A,ectomorph
160.0,77.0,30.08,C,A,C,B,endomorph
176.0,82.0,26.47,A,B,B,C,mesomorph
178.0,59.0,18.62,A,A,B,A,ectomorph
186.0,58.0,16.76,B,B,B,C,ectomorph
179.0,71.0,22.16,A,C,B,B,ectomorph
191.0,72.0,19.74,A,A,C,B,ectomorph
174.0,108.0,35.67,A,B,B,B,endomorph
186.0,56.0,16.19,C,B,C,C,ectomorph
185.0,112.0,32.72,C,C,C,B,endomorph
179.0,82.0,25.59,B,B,B,A,mesomorph
167.0,55.0,19.72,B,C,C,C,mesomorph
182.0,70.0,21.13,A,A,B,C,ectomorph
186.0,99.0,28.62,B,A,A,B,mesomorph
174.0,86.0,28.41,A,C,A,C,endomorph
188.0,75.0,21.22,A,A,B,C,ectomorph
170.0,85.0,29.41,A,B,B,C,endomorph
167.0,81.0,29.04,B,B,C,B,mesomorph
165.0,76.0,27.92,B,B,C,A,mesomorph
177.0,100.0,31.92,B,B,C,A,endomorph
176.0,57.0,18.4,A,A,C,A,ectomorph
180.0,100.0,30.86,B,B,C,A,mesomorph
175.0,94.0,30.69,C,A,A,B,endomorph
169.0,91.0,31.86,B,C,B,A,endomorph
184.0,109.0,32.19,C,C,C,A,endomorph
183.0,105.0,31.35,C,C,C,A,endomorph
186.0,68.0,19.66,A,B,B,A,ectomorph
189.0,103.0,28.83,A,A,A,A,endomorph
186.0,63.0,18.21,C,B,B,B,ectomorph
181.0,64.0,19.54,A,A,C,B,ectomorph
179.0,67.0,20.91,A,B,B,A,ectomorph
165.0,60.0,22.04,B,A,A,A,mesomorph
175.0,61.0,19.92,B,A,A,B,mesomorph
188.0,98.0,27.73,B,A,A,B,mesomorph
183.0,51.0,15.23,C,B,B,A,ectomorph
189.0,74.0,20.72,A,B,C,A,ectomorph
184.0,85.0,25.11,C,B,B,C,endomorph
177.0,59.0,18.83,A,A,B,A,ectomorph
178.0,71.0,22.41,A,A,A,A,ectomorph
161.0,60.0,23.15,C,B,B,A,endomorph
172.0,88.0,29.75,C,B,A,B,endomorph
173.0,64.0,21.38,B,A,B,A,mesomorph
162.0,58.0,22.1,B,B,A,A,mesomorph
180.0,95.0,29.32,C,B,B,B,endomorph
187.0,75.0,21.45,A,A,B,C,ectomorph
185.0,68.0,19.87,A,A,B,A,ectomorph
179.0,103.0,32.15,B,B,C,A,endomorph
164.0,85.0,31.6,C,B,B,A,endomorph
179.0,61.0,19.04,B,C,C,B,ectomorph
181.0,95.0,29.0,A,C,B,C,endomorph
166.0,78.0,28.31,B,B,C,B,mesomorph
181.0,69.0,21.06,A,A,A,C,ectomorph
180.0,107.0,33.02,C,A,C,C,endomorph
161.0,107.0,41.28,A,C,B,B,endomorph
176.0,85.0,27.44,B,B,B,B,mesomorph
189.0,60.0,16.8,C,C,A,C,ectomorph
164.0,103.0,38.3,B,B,A,B,endomorph
181.0,80.0,24.42,C,B,B,C,endomorph
186.0,100.0,28.91,B,A,A,A,mesomorph
177.0,63.0,20.11,A,A,A,C,ectomorph
164.0,50.0,18.59,A,C,A,C,ectomorph
179.0,72.0,22.47,A,B,A,B,ectomorph
189.0,77.0,21.55,A,A,B,C,ectomorph
170.0,62.0,21.45,A,B,C,C,ectomorph
189.0,76.0,21.28,A,B,C,A,ectomorph
165.0,78.0,28.65,B,B,C,A,mesomorph
180.0,67.0,20.68,A,B,A,C,ectomorph
184.0,71.0,20.97,A,A,A,C,ectomorph
161.0,59.0,22.76,B,A,B,B,mesomorph
182.0,100.0,30.19,B,B,C,A,mesomorph
187.0,58.0,16.59,C,B,B,B,ectomorph
187.0,112.0,32.03,C,C,C,A,endomorph
162.0,108.0,41.15,A,B,C,A,endomorph
172.0,79.0,26.7,C,A,B,B,endomorph
187.0,69.0,19.73,A,A,B,B,ectomorph
187.0,79.0,22.59,C,A,C,C,mesomorph
174.0,61.0,20.15,A,A,B,C,ectomorph
171.0,65.0,22.23,C,B,C,A,mesomorph
183.0,107.0,31.95,B,B,A,B,endomorph
184.0,83.0,24.52,A,B,A,B,mesomorph
179.0,74.0,23.1,B,C,C,B,mesomorph
183.0,71.0,21.2,A,A,A,C,ectomorph
188.0,72.0,20.37,B,B,B,B,mesomorph
162.0,80.0,30.48,A,B,C,A,endomorph
183.0,52.0,15.53,B,B,A,A,ectomorph
183.0,87.0,25.98,A,A,C,A,mesomorph
187.0,75.0,21.45,A,A,A,C,ectomorph
172.0,102.0,34.48,A,C,A,A,endomorph
169.0,86.0,30.11,B,B,C,A,mesomorph
161.0,70.0,27.01,C,B,B,B,endomorph
188.0,79.0,22.35,B,C,A,B,mesomorph
161.0,56.0,21.6,B,B,C,C,mesomorph
185.0,99.0,28.93,A,C,C,A,endomorph
163.0,77.0,28.98,B,B,C,A,mesomorph
165.0,87.0,31.96,B,B,C,A,endomorph
185.0,109.0,31.85,C,C,C,B,endomorph
173.0,54.0,18.05,A,A,C,A,ectomorph
164.0,101.0,37.55,A,C,B,A,endomorph
179.0,65.0,20.29,A,A,B,C,ectomorph
172.0,98.0,33.13,A,C,C,A,endomorph
178.0,58.0,18.31,B,A,C,C,ectomorph
180.0,100.0,30.86,C,B,C,A,endomorph
180.0,111.0,34.26,B,B,C,A,endomorph
164.0,81.0,30.12,B,B,A,B,mesomorph
184.0,123.0,36.33,C,C,C,A,endomorph
180.0,62.0,19.14,A,A,C,A,ectomorph
181.0,71.0,21.67,A,C,B,C,ectomorph
178.0,50.0,15.78,B,B,B,B,ectomorph
180.0,57.0,17.59,B,C,C,A,ectomorph
167.0,79.0,28.33,B,B,C,B,mesomorph
171.0,61.0,20.86,B,B,C,A,mesomorph
165.0,84.0,30.85,A,C,C,C,endomorph
168.0,105.0,37.2,B,A,C,C,endomorph
186.0,68.0,19.66,A,A,C,B,ectomorph
180.0,67.0,20.68,B,B,B,B,mesomorph
184.0,111.0,32.78,C,C,C,A,endomorph
180.0,66.0,20.37,A,A,B,A,ectomorph
181.0,65.0,19.84,A,A,C,B,ectomorph
180.0,112.0,34.57,B,B,C,A,endomorph
165.0,101.0,37.1,C,B,A,C,endomorph
168.0,100.0,35.43,B,A,C,A,endomorph
164.0,76.0,28.26,B,B,C,B,mesomorph
175.0,55.0,17.96,C,B,A,C,ectomorph
183.0,118.0,35.24,C,C,C,A,endomorph
172.0,84.0,28.39,B,B,C,B,mesomorph
181.0,69.0,21.06,B,C,B,C,mesomorph
176.0,86.0,27.76,C,B,B,A,endomorph
181.0,101.0,30.83,C,B,C,A,endomorph
185.0,73.0,21.33,B,B,C,C,mesomorph
182.0,87.0,26.26,A,C,B,A,mesomorph
179.0,92.0,28.71,B,C,B,B,mesomorph
166.0,83.0,30.12,B,A,A,C,mesomorph
176.0,52.0,16.79,A,B,C,B,ectomorph
186.0,51.0,14.74,B,B,B,C,ectomorph
172.0,57.0,19.27,C,B,B,B,ectomorph
185.0,101.0,29.51,C,B,B,C,endomorph
174.0,58.0,19.16,A,A,B,A,ectomorph
182.0,103.0,31.1,B,B,C,A,endomorph
185.0,73.0,21.33,A,A,A,C,ectomorph
182.0,60.0,18.11,A,A,C,A,ectomorph
184.0,106.0,31.31,B,C,B,C,endomorph
180.0,90.0,27.78,C,B,B,C,endomorph
176.0,54.0,17.43,B,C,A,C,ectomorph
177.0,79.0,25.22,B,C,B,B,mesomorph
183.0,65.0,19.41,A,A,C,B,ectomorph
163.0,98.0,36.89,B,C,A,B,endomorph
166.0,80.0,29.03,B,B,C,B,mesomorph
174.0,93.0,30.72,B,B,B,B,mesomorph
161.0,91.0,35.11,C,A,A,B,endomorph
165.0,68.0,24.98,B,C,C,C,mesomorph
182.0,103.0,31.1,C,B,C,A,endomorph
174.0,99.0,32.7,C,A,B,C,endomorph
170.0,95.0,32.87,C,C,C,A,endomorph
188.0,91.0,25.75,B,C,C,B,mesomorph
160.0,86.0,33.59,B,B,B,C,endomorph
161.0,72.0,27.78,B,C,B,B,mesomorph
186.0,69.0,19.95,A,A,C,B,ectomorph
184.0,127.0,37.51,C,C,C,A,endomorph
173.0,78.0,26.06,A,C,B,A,mesomorph
166.0,58.0,21.05,B,C,B,C,mesomorph
194.0,80.0,21.26,A,A,A,C,ectomorph
169.0,60.0,21.01,C,C,C,C,mesomorph
166.0,63.0,22.86,A,C,B,C,ectomorph
168.0,81.0,28.7,B,B,C,B,mesomorph
161.0,58.0,22.38,A,A,B,B,ectomorph
181.0,105.0,32.05,A,C,B,C,endomorph
163.0,58.0,21.83,A,A,A,C,ectomorph
167.0,92.0,32.99,A,B,B,B,endomorph
171.0,97.0,33.17,B,A,C,C,endomorph
181.0,80.0,24.42,B,B,C,A,mesomorph
186.0,78.0,22.55,B,A,B,B,mesomorph
184.0,93.0,27.47,A,A,B,B,mesomorph
175.0,95.0,31.02,B,B,C,A,endomorph
176.0,62.0,20.02,A,B,A,C,ectomorph
174.0,69.0,22.79,A,A,B,B,ectomorph
179.0,73.0,22.78,B,C,A,A,mesomorph
179.0,67.0,20.91,A,A,B,C,ectomorph
174.0,108.0,35.67,A,C,B,B,endomorph
167.0,106.0,38.01,A,A,A,B,endomorph
186.0,108.0,31.22,C,C,C,A,endomorph
181.0,107.0,32.66,C,B,A,A,endomorph
177.0,59.0,18.83,A,C,A,B,ectomorph
181.0,72.0,21.98,A,B,B,B,ectomorph
167.0,82.0,29.4,A,B,B,C,endomorph
181.0,100.0,30.52,B,A,C,B,mesomorph
175.0,92.0,30.04,B,B,C,A,mesomorph
175.0,108.0,35.27,C,C,B,C,endomorph
180.0,82.0,25.31,A,B,B,C,mesomorph
174.0,51.0,16.85,B,C,A,B,ectomorph
187.0,63.0,18.02,B,C,B,C,ectomorph
162.0,73.0,27.82,A,C,B,B,endomorph
182.0,69.0,20.83,A,B,A,C,ectomorph
176.0,100.0,32.28,A,C,C,B,endomorph
170.0,86.0,29.76,B,C,C,A,mesomorph
164.0,62.0,23.05,A,C,A,C,mesomorph
161.0,56.0,21.6,C,C,B,A,mesomorph
171.0,56.0,19.15,C,A,A,A,ectomorph
164.0,74.0,27.51,B,A,B,A,mesomorph
168.0,75.0,26.57,C,A,A,B,endomorph
186.0,87.0,25.15,B,C,A,C,mesomorph
176.0,52.0,16.79,C,B,A,B,ectomorph
170.0,81.0,28.03,B,B,C,B,mesomorph
179.0,68.0,21.22,C,C,B,B,mesomorph
176.0,99.0,31.96,A,A,C,B,endomorph
160.0,97.0,37.89,A,A,B,C,endomorph
161.0,71.0,27.39,C,C,C,C,endomorph
182.0,79.0,23.85,B,C,B,B,mesomorph
161.0,109.0,42.05,C,B,C,C,endomorph
183.0,104.0,31.05,C,C,C,A,endomorph
165.0,92.0,33.79,B,C,B,B,endomorph
177.0,102.0,32.56,A,B,B,A,endomorph
184.0,104.0,30.72,C,C,C,B,endomorph
186.0,71.0,20.52,B,B,A,B,mesomorph
160.0,96.0,37.5,B,A,B,A,endomorph
183.0,52.0,15.53,B,C,C,B,ectomorph
161.0,99.0,38.19,A,C,A,A,endomorph
170.0,82.0,28.37,A,A,A,A,endomorph
182.0,69.0,20.83,A,A,A,C,ectomorph
185.0,122.0,35.65,C,C,C,A,endomorph
170.0,92.0,31.83,B,A,C,A,endomorph
184.0,66.0,19.49,A,A,C,A,ectomorph
184.0,72.0,21.27,A,A,B,C,ectomorph
183.0,100.0,29.86,C,B,C,A,endomorph
177.0,105.0,33.51,B,B,C,B,endomorph
162.0,97.0,36.96,A,C,B,A,endomorph
170.0,93.0,32.18,A,B,B,B,endomorph
182.0,70.0,21.13,A,A,A,C,ectomorph
179.0,99.0,30.9,B,B,B,C,mesomorph
186.0,81.0,23.41,B,C,A,A,mesomorph
175.0,98.0,32.0,B,B,C,A,endomorph
160.0,107.0,41.8,B,A,C,A,endomorph
173.0,55.0,18.38,A,C,A,B,ectomorph
163.0,65.0,24.46,A,C,C,B,mesomorph
181.0,67.0,20.45,A,A,A,C,ectomorph
176.0,79.0,25.5,B,A,B,B,mesomorph
181.0,99.0,30.22,B,C,C,A,mesomorph
176.0,63.0,20.34,A,A,B,C,ectomorph
171.0,83.0,28.38,B,A,C,C,mesomorph
185.0,107.0,31.26,B,A,B,B,endomorph
180.0,99.0,30.56,B,B,C,A,mesomorph
194.0,81.0,21.52,A,A,A,C,ectomorph
183.0,97.0,28.96,B,C,B,C,mesomorph
181.0,68.0,20.76,A,A,A,C,ectomorph
180.0,62.0,19.14,A,A,C,A,ectomorph
183.0,108.0,32.25,C,C,C,A,endomorph
176.0,70.0,22.6,A,A,B,B,ectomorph
167.0,77.0,27.61,B,B,C,B,mesomorph
181.0,79.0,24.11,C,C,A,B,endomorph
183.0,112.0,33.44,C,C,C,A,endomorph
178.0,50.0,15.78,B,B,B,B,ectomorph
187.0,72.0,20.59,C,A,A,C,mesomorph
175.0,96.0,31.35,C,A,B,B,endomorph
189.0,77.0,21.55,A,A,A,C,ectomorph
164.0,90.0,33.46,C,C,A,A,endomorph
184.0,53.0,15.65,B,A,C,A,ectomorph
186.0,62.0,17.92,B,B,C,B,ectomorph
171.0,108.0,36.93,C,A,B,B,endomorph
177.0,57.0,18.19,A,A,B,A,ectomorph
160.0,81.0,31.64,C,B,C,C,endomorph
166.0,87.0,31.57,C,B,A,A,endomorph
169.0,75.0,26.26,A,C,C,B,mesomorph
167.0,53.0,19.0,A,C,A,C,ectomorph
173.0,100.0,33.41,C,C,C,B,endomorph
184.0,117.0,34.56,C,C,C,A,endomorph
175.0,87.0,28.41,C,B,B,B,endomorph
163.0,59.0,22.21,C,B,B,B,mesomorph
181.0,64.0,19.54,A,B,B,C,ectomorph
162.0,73.0,27.82,C,B,C,C,endomorph
176.0,102.0,32.93,B,B,B,B,endomorph
168.0,61.0,21.61,A,C,A,B,ectomorph
178.0,85.0,26.83,A,B,B,C,mesomorph
165.0,98.0,36.0,A,B,B,B,endomorph
160.0,88.0,34.37,B,C,B,C,endomorph
175.0,92.0,30.04,A,B,B,C,endomorph
188.0,110.0,31.12,C,C,C,A,endomorph
160.0,50.0,19.53,B,B,C,C,mesomorph
172.0,56.0,18.93,A,A,C,A,ectomorph
180.0,57.0,17.59,A,A,C,A,ectomorph
170.0,95.0,32.87,B,A,C,B,endomorph
176.0,92.0,29.7,B,A,B,C,mesomorph
161.0,60.0,23.15,A,B,B,B,mesomorph
185.0,72.0,21.04,A,A,A,C,ectomorph
170.0,76.0,26.3,B,A,C,C,mesomorph
170.0,80.0,27.68,B,B,C,A,mesomorph
161.0,87.0,33.56,C,B,B,A,endomorph
183.0,70.0,20.9,A,A,A,C,ectomorph
178.0,66.0,20.83,A,A,B,C,ectomorph
168.0,83.0,29.41,A,A,C,C,endomorph
185.0,71.0,20.75,B,A,B,C,mesomorph
171.0,87.0,29.75,B,B,C,A,mesomorph
171.0,70.0,23.94,B,C,B,A,mesomorph
175.0,75.0,24.49,C,B,A,C,endomorph
184.0,89.0,26.29,A,B,B,B,mesomorph
182.0,109.0,32.91,B,B,C,A,endomorph
181.0,70.0,21.37,A,B,A,C,ectomorph
187.0,72.0,20.59,A,C,A,B,ectomorph
177.0,96.0,30.64,B,B,C,A,mesomorph
185.0,114.0,33.31,C,C,C,A,endomorph
186.0,95.0,27.46,C,A,C,C,endomorph
184.0,93.0,27.47,A,C,C,B,mesomorph
176.0,92.0,29.7,B,B,C,A,mesomorph
176.0,93.0,30.02,B,B,C,A,mesomorph
169.0,68.0,23.81,B,A,A,C,mesomorph
189.0,102.0,28.55,B,A,C,B,mesomorph
186.0,73.0,21.1,A,A,A,C,ectomorph
181.0,110.0,33.58,B,B,C,A,endomorph
176.0,51.0,16.46,C,A,A,A,ectomorph
180.0,62.0,19.14,C,B,B,C,ectomorph
176.0,57.0,18.4,A,A,B,A,ectomorph
186.0,92.0,26.59,B,B,B,B,mesomorph
180.0,51.0,15.74,A,C,B,A,ectomorph
184.0,72.0,21.27,A,A,A,C,ectomorph
163.0,78.0,29.36,C,A,B,C,endomorph
180.0,100.0,30.86,B,B,C,A,mesomorph
182.0,51.0,15.4,A,C,A,B,ectomorph
162.0,53.0,20.2,B,C,C,B,mesomorph
171.0,74.0,25.31,B,A,A,A,mesomorph
180.0,82.0,25.31,C,A,B,B,endomorph
187.0,73.0,20.88,C,B,C,B,mesomorph
168.0,104.0,36.85,B,B,C,B,endomorph
165.0,75.0,27.55,B,B,C,B,mesomorph
180.0,74.0,22.84,B,A,C,C,mesomorph
179.0,95.0,29.65,B,B,C,A,mesomorph
160.0,80.0,31.25,C,A,A,B,endomorph
183.0,71.0,21.2,A,A,B,C,ectomorph
181.0,89.0,27.17,B,A,B,B,mesomorph
185.0,124.0,36.23,C,C,C,A,endomorph
169.0,82.0,28.71,B,B,C,A,mesomorph
182.0,106.0,32.0,B,C,C,A,endomorph
170.0,93.0,32.18,C,A,C,A,endomorph
178.0,60.0,18.94,A,A,B,A,ectomorph
165.0,74.0,27.18,B,C,B,C,mesomorph
170.0,76.0,26.3,C,B,C,B,endomorph
183.0,101.0,30.16,B,B,C,A,mesomorph
180.0,83.0,25.62,B,C,B,B,mesomorph
179.0,61.0,19.04,A,A,B,A,ectomorph
186.0,108.0,31.22,A,C,A,C,endomorph
183.0,66.0,19.71,C,C,B,A,mesomorph
172.0,85.0,28.73,B,B,C,B,mesomorph
185.0,73.0,21.33,A,A,A,C,ectomorph
181.0,57.0,17.4,C,B,A,B,ectomorph
166.0,55.0,19.96,A,C,C,B,ectomorph
175.0,93.0,30.37,B,B,C,A,mesomorph
179.0,66.0,20.6,A,A,B,C,ectomorph
188.0,77.0,21.79,B,B,B,C,mesomorph
166.0,70.0,25.4,A,C,C,B,mesomorph
182.0,68.0,20.53,A,A,B,C,ectomorph
182.0,66.0,19.93,B,B,B,C,mesomorph
174.0,76.0,25.1,B,A,B,C,mesomorph
179.0,85.0,26.53,A,B,B,C,mesomorph
191.0,73.0,20.01,A,A,C,B,ectomorph
182.0,68.0,20.53,A,A,B,C,ectomorph
181.0,112.0,34.19,B,B,C,A,endomorph
178.0,68.0,21.46,B,C,B,B,mesomorph
160.0,109.0,42.58,C,B,B,C,endomorph
176.0,84.0,27.12,A,B,B,B,mesomorph
180.0,81.0,25.0,C,C,A,B,endomorph
183.0,59.0,17.62,B,A,A,B,ectomorph
185.0,92.0,26.88,A,C,C,B,mesomorph
176.0,56.0,18.08,A,A,C,A,ectomorph
175.0,54.0,17.63,B,C,B,A,ectomorph
161.0,77.0,29.71,A,B,B,C,endomorph
187.0,107.0,30.6,C,C,C,A,endomorph
178.0,75.0,23.67,B,B,C,C,mesomorph
178.0,97.0,30.62,B,B,C,A,mesomorph
182.0,112.0,33.81,B,B,C,B,endomorph
166.0,101.0,36.65,C,A,B,B,endomorph
179.0,102.0,31.83,B,B,C,A,endomorph
160.0,59.0,23.05,A,B,B,C,mesomorph
187.0,101.0,28.88,B,C,A,C,mesomorph
188.0,70.0,19.81,A,A,C,B,ectomorph
167.0,54.0,19.36,A,B,A,C,ectomorph
173.0,85.0,28.4,B,A,A,B,mesomorph
180.0,71.0,21.91,B,B,A,C,mesomorph
164.0,93.0,34.58,B,C,B,A,endomorph
161.0,59.0,22.76,A,B,B,B,ectomorph
182.0,63.0,19.02,A,B,C,A,ectomorph
164.0,70.0,26.03,B,A,B,A,mesomorph
162.0,105.0,40.01,B,A,B,A,endomorph
162.0,50.0,19.05,B,C,B,B,ectomorph
180.0,102.0,31.48,B,B,C,B,endomorph
170.0,69.0,23.88,A,C,C,C,mesomorph
188.0,76.0,21.5,A,A,A,C,ectomorph
185.0,107.0,31.26,C,C,C,A,endomorph
186.0,72.0,20.81,A,A,B,C,ectomorph
189.0,69.0,19.32,A,A,B,B,ectomorph
178.0,95.0,29.98,B,B,C,A,mesomorph
181.0,67.0,20.45,A,A,A,C,ectomorph
178.0,64.0,20.2,A,B,A,C,ectomorph
173.0,79.0,26.4,A,A,B,B,mesomorph
175.0,63.0,20.57,A,A,B,C,ectomorph
177.0,102.0,32.56,B,B,C,A,endomorph
173.0,59.0,19.71,A,B,B,A,ectomorph
167.0,63.0,22.59,B,C,B,B,mesomorph
162.0,76.0,28.96,B,B,A,B,mesomorph
170.0,58.0,20.07,B,C,B,A,mesomorph
181.0,64.0,19.54,A,A,C,B,ectomorph
182.0,93.0,28.08,A,A,B,A,endomorph
184.0,76.0,22.45,A,A,C,A,ectomorph
186.0,105.0,30.35,C,C,C,A,endomorph
175.0,55.0,17.96,A,A,C,A,ectomorph
191.0,77.0,21.11,A,A,B,C,ectomorph
165.0,75.0,27.55,A,A,C,A,endomorph
166.0,80.0,29.03,B,B,A,B,mesomorph
182.0,71.0,21.43,C,C,B,A,mesomorph
182.0,101.0,30.49,B,B,C,A,mesomorph
165.0,77.0,28.28,B,B,C,A,mesomorph
181.0,60.0,18.31,B,B,C,C,ectomorph
171.0,63.0,21.55,B,B,A,B,mesomorph
182.0,98.0,29.59,C,B,C,A,endomorph
179.0,80.0,24.97,A,B,A,A,mesomorph
180.0,53.0,16.36,A,C,C,C,ectomorph
178.0,105.0,33.14,B,B,C,A,endomorph
182.0,113.0,34.11,B,B,C,B,endomorph
185.0,71.0,20.75,B,B,B,A,mesomorph
169.0,103.0,36.06,C,B,A,B,endomorph
170.0,96.0,33.22,A,B,C,B,endomorph
166.0,58.0,21.05,B,C,A,C,mesomorph
176.0,91.0,29.38,B,B,C,B,mesomorph
177.0,95.0,30.32,B,B,C,B,mesomorph
180.0,64.0,19.75,B,A,A,C,mesomorph
165.0,107.0,39.3,B,B,A,B,endomorph
171.0,87.0,29.75,A,B,B,A,endomorph
172.0,63.0,21.3,C,A,B,B,mesomorph
175.0,96.0,31.35,B,C,A,B,endomorph
173.0,99.0,33.08,A,B,A,C,endomorph
176.0,97.0,31.31,B,B,C,A,endomorph
182.0,65.0,19.62,C,B,C,B,mesomorph
171.0,70.0,23.94,A,B,B,A,mesomorph
179.0,104.0,32.46,B,B,C,B,endomorph
171.0,70.0,23.94,A,A,B,B,mesomorph
165.0,108.0,39.67,A,A,A,C,endomorph
170.0,82.0,28.37,B,B,C,B,mesomorph
171.0,109.0,37.28,C,C,B,C,endomorph
181.0,97.0,29.61,B,B,C,A,mesomorph
181.0,105.0,32.05,B,B,C,A,endomorph
173.0,52.0,17.37,A,C,B,A,ectomorph
174.0,63.0,20.81,B,B,B,B,mesomorph
181.0,109.0,33.27,B,B,C,A,endomorph
160.0,74.0,28.91,B,B,B,A,mesomorph
186.0,115.0,33.24,C,C,C,A,endomorph
169.0,91.0,31.86,C,B,B,C,endomorph
172.0,87.0,29.41,C,C,B,C,endomorph
175.0,90.0,29.39,B,B,C,B,mesomorph
187.0,80.0,22.88,A,B,C,B,ectomorph
187.0,53.0,15.16,C,B,A,A,ectomorph
175.0,102.0,33.31,C,A,A,C,endomorph
174.0,106.0,35.01,B,A,A,C,endomorph
185.0,59.0,17.24,A,A,B,B,ectomorph
176.0,103.0,33.25,B,B,C,B,endomorph
175.0,94.0,30.69,B,A,C,C,mesomorph
186.0,78.0,22.55,B,B,C,B,mesomorph
178.0,83.0,26.2,A,C,B,C,mesomorph
161.0,68.0,26.23,C,A,B,B,endomorph
180.0,83.0,25.62,C,C,A,C,endomorph
167.0,81.0,29.04,B,A,A,B,mesomorph
178.0,98.0,30.93,C,B,A,B,endomorph
183.0,122.0,36.43,C,C,C,A,endomorph
180.0,66.0,20.37,A,A,A,C,ectomorph
176.0,107.0,34.54,A,A,B,C,endomorph
182.0,64.0,19.32,C,A,B,C,ectomorph
186.0,101.0,29.19,A,B,C,B,endomorph
175.0,72.0,23.51,A,C,B,B,mesomorph
166.0,71.0,25.77,B,A,C,A,mesomorph
181.0,102.0,31.13,B,B,C,A,endomorph
166.0,89.0,32.3,A,C,A,A,endomorph
189.0,67.0,18.76,B,B,B,C,ectomorph
185.0,68.0,19.87,A,A,C,B,ectomorph
179.0,99.0,30.9,B,B,C,A,mesomorph
188.0,75.0,21.22,A,A,B,C,ectomorph
187.0,78.0,22.31,C,C,C,B,mesomorph
163.0,52.0,19.57,A,A,C,A,ectomorph
180.0,67.0,20.68,A,A,A,C,ectomorph
188.0,75.0,21.22,A,A,A,C,ectomorph
186.0,58.0,16.76,B,A,B,B,ectomorph
178.0,60.0,18.94,B,C,B,A,ectomorph
164.0,97.0,36.06,B,A,B,A,endomorph
171.0,85.0,29.07,B,B,C,B,mesomorph
180.0,95.0,29.32,B,B,C,A,mesomorph
184.0,104.0,30.72,A,B,C,B,endomorph
172.0,90.0,30.42,B,B,C,A,mesomorph
178.0,104.0,32.82,C,B,A,B,endomorph
179.0,63.0,19.66,A,B,B,A,ectomorph
188.0,70.0,19.81,A,A,C,B,ectomorph
170.0,76.0,26.3,B,A,C,C,mesomorph
182.0,84.0,25.36,B,C,B,B,mesomorph
163.0,91.0,34.25,B,C,C,B,endomorph
184.0,70.0,20.79,A,A,B,C,ectomorph
182.0,51.0,15.4,C,C,C,C,ectomorph
176.0,89.0,28.73,A,B,B,A,endomorph
185.0,67.0,19.58,A,A,B,A,ectomorph
171.0,89.0,30.44,C,A,B,B,endomorph
172.0,75.0,25.35,A,B,A,B,mesomorph
183.0,106.0,31.65,C,C,C,A,endomorph
184.0,77.0,22.74,A,A,B,A,ectomorph
185.0,120.0,35.06,C,C,C,A,endomorph
169.0,63.0,22.06,A,B,C,A,ectomorph
173.0,89.0,29.74,B,B,C,A,mesomorph
176.0,64.0,20.66,B,B,A,A,mesomorph
169.0,53.0,18.56,C,B,A,B,ectomorph
175.0,71.0,23.18,A,C,B,B,mesomorph
181.0,111.0,33.88,B,B,C,A,endomorph
182.0,70.0,21.13,A,A,B,C,ectomorph
167.0,86.0,30.84,B,C,C,A,mesomorph
188.0,72.0,20.37,A,A,C,B,ectomorph
175.0,61.0,19.92,A,A,A,C,ectomorph
176.0,83.0,26.79,C,B,C,C,endomorph
176.0,54.0,17.43,C,C,A,C,ectomorph
170.0,91.0,31.49,C,A,B,C,endomorph
163.0,59.0,22.21,C,A,B,C,mesomorph
160.0,109.0,42.58,C,C,A,C,endomorph
181.0,89.0,27.17,B,C,B,B,mesomorph
185.0,87.0,25.42,B,A,B,B,mesomorph
181.0,72.0,21.98,C,C,B,B,mesomorph
186.0,74.0,21.39,A,A,A,C,ectomorph
180.0,68.0,20.99,A,B,A,C,ectomorph
186.0,104.0,30.06,A,B,C,B,endomorph
171.0,106.0,36.25,B,B,C,A,endomorph
168.0,80.0,28.34,B,B,C,B,mesomorph
180.0,58.0,17.9,A,A,C,A,ectomorph
161.0,84.0,32.41,A,C,C,B,endomorph
188.0,88.0,24.9,C,A,C,B,endomorph
162.0,102.0,38.87,C,A,A,A,endomorph
173.0,56.0,18.71,A,A,C,A,ectomorph
191.0,78.0,21.38,A,A,B,C,ectomorph
180.0,52.0,16.05,B,C,A,A,ectomorph
169.0,104.0,36.41,C,C,B,A,endomorph
182.0,70.0,21.13,A,A,B,C,ectomorph
172.0,65.0,21.97,B,B,B,B,mesomorph
181.0,63.0,19.23,A,A,C,B,ectomorph
187.0,106.0,30.31,C,C,C,A,endomorph
180.0,57.0,17.59,A,A,A,A,ectomorph
179.0,108.0,33.71,B,B,B,B,endomorph
178.0,82.0,25.88,A,C,C,B,mesomorph
179.0,101.0,31.52,B,B,C,A,endomorph
173.0,90.0,30.07,B,B,C,B,mesomorph
179.0,106.0,33.08,B,B,C,A,endomorph
182.0,102.0,30.79,B,B,C,A,mesomorph
170.0,96.0,33.22,A,C,A,B,endomorph
179.0,83.0,25.9,B,A,A,C,mesomorph
187.0,64.0,18.3,A,C,A,B,ectomorph
180.0,73.0,22.53,C,C,A,C,mesomorph
180.0,104.0,32.1,B,B,C,A,endomorph
168.0,90.0,31.89,C,C,C,A,endomorph
174.0,93.0,30.72,B,B,C,B,mesomorph
187.0,98.0,28.02,C,B,B,A,endomorph
182.0,105.0,31.7,B,C,C,A,endomorph
168.0,96.0,34.01,C,C,C,B,endomorph
179.0,60.0,18.73,A,A,C,A,ectomorph
178.0,65.0,20.52,A,B,A,C,ectomorph
177.0,94.0,30.0,B,B,C,A,mesomorph
182.0,68.0,20.53,A,A,A,C,ectomorph
164.0,72.0,26.77,B,C,B,B,mesomorph
173.0,53.0,17.71,A,C,C,A,ectomorph
178.0,79.0,24.93,A,C,A,C,mesomorph
177.0,73.0,23.3,B,B,B,C,mesomorph
180.0,69.0,21.3,A,A,A,C,ectomorph
161.0,66.0,25.46,C,B,B,C,endomorph
185.0,73.0,21.33,A,B,A,C,ectomorph
165.0,70.0,25.71,C,C,C,C,endomorph
188.0,100.0,28.29,B,A,B,C,mesomorph
185.0,65.0,18.99,C,B,C,C,ectomorph
184.0,86.0,25.4,C,A,A,A,endomorph
164.0,71.0,26.4,B,C,B,A,mesomorph
183.0,79.0,23.59,A,C,B,C,mesomorph
181.0,73.0,22.28,A,C,B,B,ectomorph
184.0,66.0,19.49,A,A,C,A,ectomorph
187.0,94.0,26.88,B,A,B,A,mesomorph
184.0,72.0,21.27,A,A,B,C,ectomorph
186.0,64.0,18.5,A,B,B,A,ectomorph
175.0,84.0,27.43,B,B,B,C,mesomorph
183.0,83.0,24.78,B,B,C,B,mesomorph
163.0,72.0,27.1,B,C,A,B,mesomorph
162.0,73.0,27.81,B,B,C,B,mesomorph
165.0,90.0,33.06,A,B,B,B,endomorph
165.0,59.0,21.67,B,B,A,C,mesomorph
177.48357076505616,62.547077097013656,19.85595153449124,C,A,A,A,ectomorph
174.3086784941441,43.94874901748943,14.464668897345597,C,A,B,B,ectomorph
172.65262807032525,46.06850814424026,15.454599737656803,B,A,A,A,ectomorph
177.7128002179298,55.12786965915144,17.455560149136925,B,A,B,A,ectomorph
170.45987962239394,51.28066252691522,17.64855987373629,C,A,A,A,ectomorph
167.93848149332354,52.85111954891043,18.73931655089634,B,A,B,A,ectomorph
171.99680655040598,57.609340610078775,19.47386421209725,B,A,A,A,ectomorph
173.5415312510336,42.99186229962816,14.275108168921747,C,A,A,B,ectomorph
176.04431797502377,56.94298450963464,18.37368223474624,B,A,C,B,ectomorph
165.2016493806011,58.72055108667302,21.51599153251352,C,A,B,C,ectomorph
174.4217585880588,52.05189757606979,17.109418317515857,B,A,C,A,ectomorph
173.49448152205355,48.90544747642584,16.247476077499044,C,A,A,B,ectomorph
171.61538999847022,41.36268813525424,14.04417693698882,C,A,B,B,ectomorph
178.05838144420434,63.9490718573811,20.170162773487565,B,A,A,A,ectomorph
176.6563171570178,51.95162416312934,16.647184198821193,B,A,A,A,ectomorph
179.8777256356118,64.1841024270521,19.83684942670451,C,A,C,A,ectomorph
176.80818012523818,62.79198738597352,20.08628038893518,C,A,B,A,ectomorph
171.7744012269744,53.64821283276586,18.18186263505596,B,A,A,A,ectomorph
175.43523534119086,50.82860896713985,16.514847848610614,C,A,C,A,ectomorph
173.50496324767067,52.02888608883994,17.283063384285036,C,A,A,A,ectomorph
170.95753198553408,62.65449903443778,21.437581218740583,C,A,B,B,ectomorph
172.49121478207732,60.78397200812464,20.429376615192915,B,A,C,A,ectomorph
171.48973453061325,46.53484741795021,15.823481300335532,B,A,C,B,ectomorph
173.36168926701117,42.24313842367184,14.055617044249528,C,A,B,A,ectomorph
173.28642741736616,64.69055461912576,21.54327763130016,B,A,B,B,ectomorph
170.98861365389192,49.43713018238341,16.909036819034352,C,A,C,A,ectomorph
165.4061439235048,44.53727414874443,16.278723955019743,B,A,B,A,ectomorph
174.86743062275391,44.06938487736777,14.411830009999914,B,A,C,A,ectomorph
174.82644115147377,66.89055907381496,21.885203632884807,B,A,B,B,ectomorph
169.15660981190234,45.49934278494742,15.901100351939196,C,A,A,B,ectomorph
177.93428546900134,46.611757276909074,14.722318160435266,C,A,A,A,ectomorph
185.9522781290499,49.53749606027365,14.326201132438111,C,A,B,A,ectomorph
167.24668284466935,53.59717035863973,19.1613823232756,B,A,B,A,ectomorph
175.34281487403013,66.08303160477644,21.493839909893875,B,A,A,A,ectomorph
179.06758608684834,65.85479542986572,20.53777760160973,C,A,B,A,ectomorph
168.8456784178302,42.0358116193336,14.744822142447196,C,A,C,B,ectomorph
168.8152464456096,56.4489915146067,19.80764543096192,C,A,C,B,ectomorph
168.39771693457865,54.266186921239616,19.1362531692343,B,A,A,B,ectomorph
176.4653623664934,43.72212803561859,14.04049267076975,B,A,B,B,ectomorph
171.42824290986815,56.47038297139456,19.21569007602081,B,A,B,A,ectomorph
180.792977895037,62.74771436480455,19.19706319237772,C,A,B,A,ectomorph
170.89658840824146,43.076567032904606,14.74939814262474,B,A,A,A,ectomorph
174.61449145292949,64.445265895869,21.136372441416903,C,A,B,A,ectomorph
176.7057598740832,58.12592048978513,18.615231077010872,B,A,A,B,ectomorph
169.64553750969444,61.94427557271824,21.52366867482332,C,A,C,A,ectomorph
177.4123620762159,44.45440411666594,14.12365293223094,C,A,B,C,ectomorph
170.76603140965798,60.68147518204844,20.809093372134853,B,A,A,A,ectomorph
167.42576387657067,60.23731394450845,21.489238193286248,C,A,B,A,ectomorph
175.29104359223,64.58492873358382,21.018984575423644,C,A,B,B,ectomorph
169.28514851084688,48.36212917123512,16.87592920975804,B,A,C,B,ectomorph
177.57523843153024,64.28424277019803,20.3863614317342,C,A,B,B,ectomorph
194.2636574532736,79.70359577142766,21.12004273454053,B,A,A,A,ectomorph
172.57318226085448,52.78707163670817,17.72478414505968,C,A,A,A,ectomorph
175.4093706969316,43.826582526610544,14.244001999512395,B,A,C,A,ectomorph
175.32140009547732,61.96682962639337,20.159948424788887,B,A,B,A,ectomorph
169.61127611035346,41.46460216010721,14.413453769348862,C,A,B,B,ectomorph
164.87428706671196,55.34971731574485,20.36148955814963,B,A,B,A,ectomorph
175.93227157384715,43.960758151434696,14.20280594732366,C,A,C,B,ectomorph
168.99851796472112,43.55903471389258,15.25149634136869,B,A,B,B,ectomorph
173.32749382079527,57.92652971959328,19.28157901374185,B,A,C,B,ectomorph
185.6107809850632,59.79654174778069,17.35680049942232,B,A,A,B,ectomorph
180.16232630275573,45.815601770281305,14.115147909038049,B,A,A,A,ectomorph
177.21909714073115,55.88300515559413,17.793390632698603,B,A,B,A,ectomorph
178.8731702671467,49.22721518701744,15.385614959280122,B,A,A,B,ectomorph
172.79977756651508,50.752343527569096,16.99690091701177,C,A,B,B,ectomorph
175.65370288643047,59.45469700968104,19.26954905295156,B,A,A,B,ectomorph
175.3490104249501,66.17380022069575,21.52184193139966,C,A,A,B,ectomorph
173.0734320156912,52.917535041975526,17.666023123932135,C,A,C,A,ectomorph
176.40495933867516,45.33843265810681,14.569509187681833,B,A,C,A,ectomorph
171.88650240089703,60.613714907375886,20.515747860711485,B,A,A,B,ectomorph
179.49799937716625,64.05426037792319,19.880568350431087,C,A,A,A,ectomorph
176.53649760438304,62.345597027141054,20.00491801312687,C,A,C,A,ectomorph
181.3883244789421,55.03283324603634,16.72642832202414,C,A,C,A,ectomorph
172.04214305582084,59.21762381379461,20.00696854233198,C,A,A,C,ectomorph
181.52739403577164,54.570142134910526,16.560396808244896,C,A,A,A,ectomorph
175.10501920816378,65.13496436282068,21.24305581135411,B,A,A,C,ectomorph
175.4849798249636,58.678899913387774,19.054697697358392,B,A,A,A,ectomorph
177.97578512718457,61.38735430019816,19.38014764861631,C,A,B,B,ectomorph
174.93876613576543,44.25420357632768,14.460470080133154,C,A,B,B,ectomorph
170.51372814257084,48.867168036739706,16.80732010041663,B,A,A,B,ectomorph
170.88889802216784,42.84915954202376,14.67285444891998,C,A,A,B,ectomorph
176.21843605745957,61.01882851514815,19.64993781725197,B,A,A,C,ectomorph
167.75957829251337,57.7004606664408,20.50239653806002,C,A,C,B,ectomorph
167.96268112811725,47.98791362769412,17.010076684247327,B,A,B,A,ectomorph
179.28829811601008,47.86150301440191,14.88957985844921,B,A,A,A,ectomorph
174.20030735018287,43.850897884191134,14.4504262054547,B,A,A,B,ectomorph
177.59673257120585,68.4348383274163,21.697380387796336,B,A,A,B,ectomorph
182.6636945650129,52.68083896317987,15.78876670815562,C,A,A,C,ectomorph
176.1204624090521,45.25702630183567,14.590372517883193,C,A,C,A,ectomorph
175.06296200390898,58.33722145804961,19.0351891050821,C,A,B,B,ectomorph
179.3616031836034,46.20844787757211,14.363571042731664,B,A,C,B,ectomorph
175.91671002869177,54.60621862124817,17.645254022285705,C,A,A,A,ectomorph
164.38052137845096,50.44609493672928,18.669248894806977,B,A,C,C,ectomorph
172.3712248915962,58.191509688517336,19.585293712157963,C,A,A,B,ectomorph
170.5079266432582,61.88880887953801,21.28741747595074,C,A,C,B,ectomorph
177.45959585753252,59.54276343911454,18.90732156748632,B,A,C,B,ectomorph
180.8972006036064,71.65925511870996,21.89820903451956,B,A,B,A,ectomorph
172.65412173947647,64.86331255693722,21.759315182516826,C,A,C,A,ectomorph
167.02786170602818,40.31585393213174,14.451003973207415,C,A,C,C,ectomorph
172.00312488523113,65.00756539278107,21.973094696591243,C,A,B,C,ectomorph
175.74967264260377,76.30331449564959,24.70326481186056,A,B,C,B,mesomorph
181.1142496617375,84.09559645379082,25.63704780670528,A,B,C,B,mesomorph
170.3294291463219,65.80337926908635,22.68134555319777,A,C,C,A,mesomorph
184.3883841094925,90.5528347361462,26.633910350413835,A,C,C,B,mesomorph
188.30373962441,96.65904338341852,27.25992161595007,A,B,C,A,mesomorph
186.77670421221603,77.35064139580577,22.172696057880035,A,C,C,B,mesomorph
173.17538269709948,68.43121384166835,22.81822885352062,A,B,C,A,mesomorph
181.4302572999922,84.06823462807166,25.5395061211278,A,B,C,A,mesomorph
176.65296582777722,78.27761170772263,25.083936934958864,A,C,C,A,mesomorph
181.5877112789798,84.85066142804156,25.73252020136724,A,C,C,B,mesomorph
169.48308780322424,71.10700922825463,24.754814537429567,A,C,C,A,mesomorph
177.7222615055169,75.71765657373352,23.97250966172505,A,C,C,A,mesomorph
179.83299123048425,74.67698117837428,23.09128050639487,A,B,C,B,mesomorph
173.30060106836322,74.61353825562745,24.843769841577235,A,C,C,A,mesomorph
175.3487119081378,70.9093186419083,23.062062905660483,A,B,C,A,mesomorph
174.03563583868828,75.00823727723579,24.76467260819636,A,B,C,A,mesomorph
187.82362566458195,78.44307705120046,22.2358728390466,A,C,C,B,mesomorph
178.17631775985865,71.40031305462564,22.49055419169323,A,C,C,B,mesomorph
177.43835975154585,84.49526168844517,26.837207678758368,A,C,C,A,mesomorph
176.89515200233387,72.77273076586778,23.256095940020263,A,B,C,A,mesomorph
170.42404468900725,71.95799451733562,24.775208296798887,A,C,C,A,mesomorph
184.83437133722265,80.33475343175877,23.514621666064123,A,C,C,B,mesomorph
193.3944040422762,84.68809980325346,22.643032068038657,A,B,C,A,mesomorph
183.59787455717287,79.06193855428732,23.454823021808377,A,B,C,A,mesomorph
174.76713557878736,69.39059020991435,22.71857279091551,A,C,C,A,mesomorph
172.59225998192804,77.67128992248321,26.074613914866937,A,C,C,A,mesomorph
178.3868415382381,81.21273089762875,25.52104670812528,A,C,C,A,mesomorph
173.69357899335867,68.6822279017456,22.76548181677338,A,B,C,A,mesomorph
182.6308877376582,80.50524945349434,24.13658035538708,A,C,C,B,mesomorph
187.54708320235065,82.3891145870101,23.423360750415966,A,B,C,A,mesomorph
174.74678715439086,70.59842276482335,23.11940214430784,A,B,C,A,mesomorph
175.5643730811765,84.3947872241827,27.38059254775856,A,B,C,A,mesomorph
179.3522841288992,72.93032148468116,22.67223341300832,A,B,C,B,mesomorph
177.7488094527543,85.91543762883717,27.193042755363884,A,C,C,A,mesomorph
180.5045859381219,89.8486966142805,27.57625593476552,A,C,C,A,mesomorph
173.11222377600726,70.96347399422551,23.679874561961704,A,C,C,A,mesomorph
174.1837042172874,75.98844620091468,25.04566227210673,A,B,C,A,mesomorph
168.9755894966774,73.27697845423135,25.6637202546498,A,B,C,A,mesomorph
177.66960100676343,79.53345814652613,25.19553659530952,A,B,C,A,mesomorph
171.9449190011877,67.42750777835631,22.806488061633846,A,B,C,B,mesomorph
183.03146404607224,78.81949315230607,23.527843928582584,A,C,C,B,mesomorph
175.11554065238423,78.42331460377848,25.573832443647067,A,B,C,A,mesomorph
180.8853606359027,88.28940797499787,26.983716446726376,A,C,C,A,mesomorph
176.98477306978504,82.64798638533539,26.385204851221864,A,C,C,A,mesomorph
178.4329489373645,81.0184523293572,25.44683867907947,A,C,C,A,mesomorph
177.2216138230396,84.08291594538483,26.771603871159343,A,B,C,A,mesomorph
179.9722607118915,84.18548080106241,25.9911833241772,A,C,C,A,mesomorph
175.8950775958987,84.34983805146432,27.26320324487865,A,B,C,B,mesomorph
167.80937732411073,69.7694057418956,24.77607871401764,A,B,C,B,mesomorph
172.95956844541297,74.83635909393257,25.01632234055488,A,B,C,B,mesomorph
182.14702790591744,91.03529621476036,27.43883266578728,A,C,C,A,mesomorph
166.94432345496057,77.0309980479742,27.63899274168085,A,C,C,A,mesomorph
179.69248203747208,83.04971574187219,25.72043653557108,A,C,C,B,mesomorph
175.923560430496,82.73184200297706,26.731583267347183,A,B,C,A,mesomorph
182.1516790827212,73.66186352692924,22.20119460841468,A,C,C,B,mesomorph
173.71958087045567,82.26836337328112,27.2605938205705,A,B,C,B,mesomorph
176.65062532353315,83.57994879878893,26.78377219467732,A,B,C,A,mesomorph
173.10618142108845,78.9103540624313,26.3335154103584,A,C,C,B,mesomorph
180.0671745161185,76.23184005863187,23.51079435344172,A,B,C,A,mesomorph
187.3839790627904,96.38698386668962,27.45070336800177,A,C,C,A,mesomorph
181.2718282817703,75.31427462813954,22.920108418696483,A,C,C,A,mesomorph
177.72207664544771,81.07501966356683,25.668725412607888,A,B,C,B,mesomorph
178.54697397302448,83.45897634168527,26.17990494326136,A,C,C,B,mesomorph
181.62883311949344,75.59514195892196,22.91523425748557,A,C,C,B,mesomorph
185.96593313319696,95.47143495629795,27.60620208861409,A,C,C,A,mesomorph
175.44392161784407,69.8085721248659,22.679428275044533,A,C,C,B,mesomorph
178.27862456144348,81.19878891911837,25.547652614469577,A,B,C,A,mesomorph
183.47095759235475,80.82546674465233,24.011183449875404,A,C,C,A,mesomorph
172.93947812369916,75.44121576550012,25.22437361762754,A,C,C,A,mesomorph
169.72571664067115,69.37177238624606,24.081719211377365,A,C,C,A,mesomorph
176.70204324318198,71.33078556827762,22.8451421222788,A,B,C,A,mesomorph
170.48428523440947,71.24837497100349,24.513552697027286,A,C,C,A,mesomorph
187.24478047472672,77.40879695725961,22.07856673953,A,C,C,A,mesomorph
183.6328251477388,93.63119148807638,27.76642190481673,A,B,C,A,mesomorph
190.8667990162493,81.61246000137157,22.40245886433057,A,C,C,A,mesomorph
178.29609217007243,87.066108468357,27.388325736644283,A,B,C,A,mesomorph
177.83623364892,80.29470374447801,25.3890467995757,A,B,C,B,mesomorph
175.28287614433117,75.9491219397934,24.719733008488166,A,C,C,A,mesomorph
184.2304259624881,77.83126119742023,22.931441475584275,A,B,C,B,mesomorph
167.63304883795925,77.7738289396562,27.6766927728018,A,B,C,A,mesomorph
172.44712077267084,65.87658462903683,22.15231813396207,A,B,C,B,mesomorph
186.7613522171181,90.52544814607596,25.953543651460908,A,B,C,A,mesomorph
181.60836032021612,72.94956338629365,22.118263226526185,A,B,C,B,mesomorph
172.35474114391386,68.53587038404302,23.071267972326,A,C,C,A,mesomorph
176.7983730092093,82.31268888449105,26.33360159113396,A,C,C,B,mesomorph
176.125895962252,75.63718749107619,24.383101177710728,A,C,C,A,mesomorph
180.96550628984195,72.30220803493745,22.078011541064416,A,B,C,A,mesomorph
176.45226780343006,68.99354070161787,22.15919322324292,A,B,C,A,mesomorph
182.6201350960345,89.72735169071439,26.904661370430645,A,B,C,A,mesomorph
177.07548931778504,76.12592295112437,24.2781544490036,A,C,C,A,mesomorph
171.5978532375186,74.53410134168357,25.312283085111883,A,B,C,A,mesomorph
186.7739709099218,96.59773651719524,27.69071984177294,A,C,C,A,mesomorph
177.81182648787575,86.52735955618303,27.36731336136455,A,C,C,A,mesomorph
183.51650941008265,74.54631728555445,22.134815849920702,A,B,C,A,mesomorph
171.25907288947144,66.97763470627234,22.836136444436946,A,C,C,B,mesomorph
181.7163204701136,83.06103936168695,25.154141093816115,A,B,C,A,mesomorph
178.9792262754884,75.74121874244703,23.64433132412324,A,C,C,B,mesomorph
173.10813611192484,80.84477714223132,26.97845082224321,A,B,C,A,mesomorph
179.28014867156938,82.29187913370349,25.60310116260192,A,C,C,A,mesomorph
182.9134549197276,91.96240081010492,27.48647167554976,A,B,C,A,mesomorph
166.8759071115216,81.6776614327751,29.330266950048635,B,C,A,C,endomorph
170.13045525105417,86.72542173291032,29.962792877450568,A,C,B,B,endomorph
165.12063373511333,88.69584443992655,32.531237122375174,B,C,C,C,endomorph
175.2682089830392,104.01611984148778,33.860576777682,A,C,A,B,endomorph
167.12181086881114,89.29384723835621,31.97092997760989,B,C,B,C,endomorph
170.6100490732268,83.98408032010404,28.852786025070174,A,C,C,C,endomorph
166.86516471106117,83.45180420133026,29.97121626591285,B,C,C,C,endomorph
179.06224278998465,96.7578970877976,30.1771610978397,B,C,B,B,endomorph
169.62783285449976,84.82763762260205,29.48106343070896,B,C,C,C,endomorph
173.10336048775338,103.23610318500025,34.4524891828916,B,C,C,C,endomorph
169.64917144270677,85.67963092320815,29.76967553455681,B,C,C,B,endomorph
161.69519533242004,87.96494141826858,33.64460138012551,B,C,A,C,endomorph
164.59471729795868,95.89054386669132,35.395169563012246,B,C,C,C,endomorph
175.26576426666452,107.19488844291234,34.89634120791451,B,C,B,C,endomorph
170.48060388470492,86.72609619683925,29.840070698301624,A,C,A,C,endomorph
167.6886235564748,86.38021281014906,30.71899971014453,B,C,A,B,endomorph
177.23488942176866,95.96435231469304,30.55002002345656,B,C,C,C,endomorph
170.98277388255786,87.30678160380887,29.86367579802907,A,C,C,B,endomorph
170.41141994637712,103.128605608027,35.51254158810317,B,C,C,B,endomorph
175.32740187532676,104.93766293101636,34.137506311449016,B,C,B,C,endomorph
167.77248739299614,88.30145429564517,31.37085601821656,B,C,B,B,endomorph
177.26692238558851,96.90076598285556,30.83697726112621,A,C,B,B,endomorph
169.8265755630661,89.62249623447912,31.074613177277453,B,C,B,C,endomorph
171.1710736626826,100.47033762001304,34.29076011532442,A,C,B,C,endomorph
169.75268145173783,94.82556076299008,32.90729111368566,A,C,C,B,endomorph
173.374097460833,106.83375848112796,35.54185419308101,B,C,C,C,endomorph
166.8113000787434,82.82102867256114,29.763889672561405,A,C,C,B,endomorph
167.3450152249909,79.70806897604099,28.46274141250717,B,C,C,C,endomorph
177.10252123994928,105.28756656278637,33.568164944430336,A,C,C,B,endomorph
167.14626853125262,83.22844108657706,29.790540918580984,B,C,C,C,endomorph
166.93605654757806,97.84326572390204,35.109984638951815,B,C,C,C,endomorph
168.0614922003201,93.8907347235282,33.241935845112174,B,C,A,C,endomorph
163.10340385992737,89.88357136636488,33.78736090950868,B,C,A,B,endomorph
166.3453498002904,92.60321095205072,33.46607010927677,A,C,C,C,endomorph
182.6346621293681,115.40123933403468,34.5974477274012,A,C,C,C,endomorph
167.3456561353984,84.39520137061321,30.13622616135537,B,C,C,C,endomorph
174.10241090598683,101.78582692974244,33.57977169335427,B,C,C,C,endomorph
172.5363701555365,87.12982407728582,29.268840842344588,B,C,C,B,endomorph
169.16440959841572,87.79844201622039,30.680950834073137,B,C,A,C,endomorph
170.7335684321666,101.0252005604896,34.657073423661934,B,C,A,B,endomorph
170.9554953400995,96.60438309788071,33.05450821613335,A,C,C,C,endomorph
170.23218274078076,99.22049820868222,34.23876316120915,A,C,C,C,endomorph
169.52352233806525,95.0113730070513,33.06097514507159,B,C,A,C,endomorph
171.3951076288517,98.41961264895346,33.50308577840651,A,C,B,C,endomorph
170.66484837073438,89.61366096383149,30.76706445562365,B,C,A,C,endomorph
166.49939592530413,99.21142376348384,35.78791175341917,B,C,C,B,endomorph
177.8276201461717,105.82955022178584,33.46636301285204,B,C,B,C,endomorph
169.67124869463507,90.42257064686164,31.409450417887783,B,C,A,C,endomorph
164.89383591434645,77.92388693963376,28.65904836492674,B,C,C,B,endomorph
173.54178223649677,107.23643679812766,35.606908498003286,A,C,B,C,endomorph
179.23318498023832,100.16672486956132,31.180755183702352,A,C,C,C,endomorph
164.64957616836924,95.2974058924126,35.15279362943308,A,C,B,B,endomorph
163.74230287904777,93.61213874947607,34.9148659987171,B,C,C,B,endomorph
177.2188230203663,109.76257007674866,34.948985343644885,B,C,C,C,endomorph
173.2136137993377,87.15846424802689,29.049959021459102,A,C,C,C,endomorph
176.64576265066216,107.25437605338466,34.37229832780941,B,C,A,B,endomorph
166.61803848970365,82.18590321039555,29.604197813602696,B,C,A,C,endomorph
179.0047021645541,96.61492990701846,30.151947235480783,B,C,B,C,endomorph
167.7384684037546,92.2871781230879,32.80016438495443,A,C,C,C,endomorph
157.8806033668552,85.3446281296668,34.2388079111468,A,C,B,B,endomorph
169.98198730454715,95.19158493522816,32.94524587454495,B,C,C,B,endomorph
164.2081765540373,82.5423578090597,30.61169046595193,B,C,A,B,endomorph
164.9918999505254,88.58234180615916,32.540326786092464,B,C,C,B,endomorph
168.59449853557024,83.39592781661804,29.33986065807256,A,C,C,C,endomorph
170.29815184960088,97.6551219963312,33.67248415560733,B,C,C,C,endomorph
166.76531611147212,85.42214784934256,30.715601540342448,B,C,A,C,endomorph
176.58697032817162,98.59598033857618,31.6185462761464,B,C,C,C,endomorph
170.987998023462,83.77259311195118,28.65303985624472,A,C,B,B,endomorph
168.3982634590284,101.54118050934264,35.80692204655305,A,C,A,C,endomorph
172.12082973200958,98.56330401172072,33.269662204007005,B,C,C,C,endomorph
170.190017390841,85.72473818166958,29.59633960743316,B,C,A,B,endomorph
170.6001566335913,87.49212510115363,30.06146310808971,B,C,C,C,endomorph
167.58406768850313,86.4086821080607,30.767479940375704,A,C,C,B,endomorph
177.86993381645016,110.53031255229678,34.93625196897959,B,C,B,C,endomorph
175.3934041671565,108.30249178092872,35.20561491209007,B,C,B,C,endomorph
169.80745765249645,101.78288924405,35.29890676493353,A,C,C,C,endomorph
166.87218649245236,93.9161911675236,33.72659971745671,B,C,A,B,endomorph
171.97901766718704,105.79958419799692,35.77116075233312,A,C,C,C,endomorph
172.71800077297218,94.15552356202738,31.562442040021324,B,C,B,C,endomorph
168.14692833956946,82.86418994311865,29.30819098068018,A,C,C,B,endomorph
163.52659262139548,91.42137295926972,34.187785005492806,A,C,C,C,endomorph
175.80413393689258,92.3763688208928,29.88840370677171,A,C,A,C,endomorph
174.9813340972357,96.28620082737896,31.44710018929445,A,C,C,C,endomorph
167.53121708419343,82.33743760908388,29.3363352632076,A,C,A,C,endomorph
168.39182474391308,98.5459658117702,34.753363591753576,B,C,C,C,endomorph
180.3837399178042,96.46539954098216,29.646729680294147,A,C,B,B,endomorph
173.6381477181849,85.36955045594206,28.31474832534808,A,C,B,C,endomorph
170.2597294290365,88.49933280405371,30.529248839814,B,C,A,B,endomorph
174.58163837351242,96.42841701875857,31.63791884507087,B,C,B,C,endomorph
171.73244237948995,85.87256833685557,29.1172100380505,A,C,B,C,endomorph
173.06386952531284,107.10303664295068,35.759296368858166,A,C,C,C,endomorph
164.73292218413172,94.83039621829457,34.945138035020044,A,C,C,C,endomorph
170.7520945257179,93.23419021944044,31.97739811206742,B,C,C,C,endomorph
171.82480501233113,83.38425042308856,28.243096477574696,B,C,C,C,endomorph
173.19365111014594,93.44041241818265,31.150915245233268,B,C,A,C,endomorph
164.2849754363476,97.1497327312564,35.99530980616533,A,C,C,C,endomorph
171.60678607725137,95.81528843512486,32.53613008789334,B,C,C,C,endomorph
172.1096037711764,90.69063066048577,30.616265292505908,B,C,C,C,endomorph
168.51218248320004,98.08860481579266,34.54267372940017,A,C,C,B,endomorph
176.8785340665581,95.72484220358405,30.59668663920216,A,C,B,C,endomorph
176.03443060217478,57.986931227203264,18.712632392622982,C,A,A,A,ectomorph
171.38643954558515,54.87465946594597,18.68180888178945,C,A,A,A,ectomorph
186.56806064054547,69.12265356885419,19.85847103802884,C,A,A,A,ectomorph
184.03926835737053,64.82586898077992,19.13935734053769,C,A,B,A,ectomorph
170.0023771405057,52.24377774813511,18.076926197419308,C,A,A,A,ectomorph
189.16377029036292,68.49063177386353,19.14058685635757,C,A,A,A,ectomorph
184.0902817280385,67.18104827356963,19.82371527838033,C,A,B,A,ectomorph
189.7590096253571,73.59758175796087,20.43895721614828,C,A,B,A,ectomorph
183.03571435914705,62.75087939831423,18.7304468897289,C,A,B,A,ectomorph
181.1247656958775,59.6442682168176,18.18080217086868,C,A,B,A,ectomorph
176.98414164453328,60.94784016380105,19.45761527755897,C,A,A,A,ectomorph
178.87729969253292,60.329290044902656,18.85461870588577,C,A,A,A,ectomorph
180.7195766046139,61.83736990772989,18.93392309746801,C,A,A,A,ectomorph
185.5680091453784,69.38217379145935,20.14845202266958,C,A,A,A,ectomorph
176.07005042584677,57.48591774516414,18.54344804860404,C,A,A,A,ectomorph
179.1014674000119,59.48522175698212,18.544315043086883,C,A,A,A,ectomorph
177.59452942419514,62.13954744302544,19.701936658886712,C,A,A,A,ectomorph
181.27912773657016,68.64496605479655,20.88878062571274,C,A,A,A,ectomorph
180.89565653625863,59.32800899727967,18.130237598564456,C,A,A,A,ectomorph
185.45656171989532,71.72625417708583,20.85421002661997,C,A,A,A,ectomorph
180.1954402813028,60.66846625891379,18.6842393158468,C,A,A,A,ectomorph
180.16236676481552,64.37471508545737,19.832942966552974,C,A,A,A,ectomorph
175.02454705843485,62.31355580238547,20.341576545731584,C,A,A,A,ectomorph
177.22837920881636,64.28928676389687,20.46784295554104,C,A,A,A,ectomorph
177.30603750302453,62.471136012850216,19.87157797402972,C,A,A,A,ectomorph
181.1159766488952,64.81814929234265,19.759825389526423,C,A,A,A,ectomorph
182.5351075237284,62.14078813897777,18.650219400272327,C,A,A,A,ectomorph
181.655196389806,59.63151082298482,18.07091575813901,C,A,A,A,ectomorph
183.85551646717963,63.19727361821714,18.695841288347925,C,A,A,A,ectomorph
188.84209200636545,70.5503503328262,19.78342900555852,C,A,A,A,ectomorph
176.78530172812108,60.2702395142076,19.284598844776845,C,A,B,A,ectomorph
186.55646722177627,69.87568997569203,20.07730845397311,C,A,B,A,ectomorph
182.2759323167411,62.53678449832823,18.82248199967941,C,A,A,A,ectomorph
186.5135864925141,63.51111853237139,18.256974748789293,C,A,B,A,ectomorph
177.67327634420542,58.96854035330753,18.679969206680965,C,A,A,A,ectomorph
175.9409730772285,56.36411603600317,18.20827152823828,C,A,A,A,ectomorph
180.935143647163,67.57103082979741,20.640237262684373,C,A,A,A,ectomorph
173.77641741518548,59.18515451340497,19.598873359654007,C,A,A,A,ectomorph
184.9106759698932,71.74299596940214,20.982418083663504,C,A,A,A,ectomorph
175.16143592523517,60.36084591141776,19.67335025211008,C,A,B,A,ectomorph
177.17995257696637,61.80253465137628,19.68689044763373,C,A,B,A,ectomorph
179.77692368936917,59.87525990015117,18.52590882707298,C,A,A,A,ectomorph
180.6774432961443,59.70659095349527,18.29002934894016,C,A,A,A,ectomorph
174.34514201238008,61.60856538632313,20.268489986685736,C,A,A,A,ectomorph
184.3652404823771,70.637558372633,20.78153345843836,C,A,A,A,ectomorph
182.4365524836287,63.89671317778266,19.197947747427925,C,A,A,A,ectomorph
184.85239079991675,66.84713522978254,19.562873931816128,C,A,A,A,ectomorph
180.5668676545596,59.559663071997576,18.26737329634805,C,A,B,A,ectomorph
180.53416361912912,66.31314651673044,20.34608426301116,C,A,B,A,ectomorph
179.3901206544778,58.2745688581834,18.108481141574288,C,A,A,A,ectomorph
164.8560421579682,77.76437940381021,28.61349922734687,A,C,C,C,endomorph
162.67506818576888,79.75649877647786,30.138670174606165,A,C,B,C,endomorph
169.55431441812385,98.99816814109548,34.435743812500924,A,C,C,C,endomorph
177.97199806973117,107.56493287923392,33.95997470421567,A,C,B,C,endomorph
168.32731743419026,86.88466936180339,30.66436305433606,A,C,C,C,endomorph
167.60444138723545,94.50311219851092,33.641477800823345,A,C,C,B,endomorph
167.30016097321837,81.76994893553157,29.21467160490556,A,C,C,B,endomorph
164.9770193620286,94.79628007931488,34.8292714060194,A,C,C,C,endomorph
167.89989216501942,90.89639445739668,32.24377056425684,A,C,C,B,endomorph
171.27106519680115,92.45409088869792,31.51796253524409,A,C,B,B,endomorph
165.56195119136288,77.24539389524926,28.180683348646408,A,C,B,C,endomorph
167.2521147880582,89.08565234136157,31.84670675126512,A,C,C,C,endomorph
168.25789765924048,87.98004103507756,31.07658182043037,A,C,B,C,endomorph
160.0981337345845,75.64410941969192,29.5122672775672,A,C,C,C,endomorph
167.14622851627917,79.36349323284455,28.40714656853833,A,C,C,B,endomorph
173.9629045473998,99.46039867306798,32.86524660200988,A,C,C,B,endomorph
165.54638934583625,90.01407088131202,32.845129391858926,A,C,B,C,endomorph
166.79012125404748,97.30198289014108,34.97687797697084,A,C,C,C,endomorph
171.7982165417653,93.529758810371,31.68929024738156,A,C,C,B,endomorph
162.0604081262004,89.83779042869314,34.206229506683265,A,C,C,B,endomorph
163.31954789576255,90.13637117324444,33.79276526896812,A,C,C,C,endomorph
160.79207824967992,72.59110112907734,28.07721885100053,A,C,C,C,endomorph
165.81502220699008,87.2876450987348,31.74717092016814,A,C,B,B,endomorph
169.5672160216102,85.36320683550277,29.68841020319679,A,C,C,C,endomorph
167.93876060330803,81.13605230843281,28.76815339074253,A,C,C,C,endomorph
170.31716599840436,98.36736365750365,33.91049957917731,A,C,B,C,endomorph
166.22687099523395,91.6297751167028,33.1614995417146,A,C,C,B,endomorph
164.46078914389238,83.20126016748111,30.761333949990245,A,C,C,C,endomorph
165.32370904536037,89.69503470389893,32.81694294260579,A,C,C,B,endomorph
172.1596187495843,100.4347923830281,33.886101055981456,A,C,B,C,endomorph
176.629232853062,101.75339441721424,32.61547745544048,A,C,C,C,endomorph
165.57714030798664,88.54624200176342,32.297535093320434,A,C,B,C,endomorph
169.83988857175646,91.1103853552034,31.58555344568872,A,C,C,B,endomorph
165.28913852099157,78.11899022772207,28.59354411232062,A,C,C,B,endomorph
162.6114948418812,80.51191404274628,30.447922608220946,A,C,C,C,endomorph
164.1135438459574,78.90465841975106,29.29636897507228,A,C,B,B,endomorph
172.742816618652,89.08853070745741,29.855324998275027,A,C,B,B,endomorph
170.87581324266026,101.5379943090706,34.775020243915215,A,C,B,C,endomorph
162.31275733303264,77.5604510699676,29.439810835368885,A,C,B,C,endomorph
174.00533460782194,101.19597342149297,33.42243646446452,A,C,C,C,endomorph
165.42592707847942,95.39639203003264,34.85979230551195,A,C,C,C,endomorph
171.71136051232494,97.99716283718976,33.236512256006726,A,C,C,C,endomorph
166.54018908182846,95.6784689174004,34.49658548228235,A,C,B,B,endomorph
164.64316133064398,84.09936533163665,31.024538180609373,A,C,C,C,endomorph
167.1149855056569,95.53543739775054,34.20847430146489,A,C,C,B,endomorph
166.8927468004443,93.89763599306164,33.71162857278032,A,C,C,C,endomorph
167.33151314485434,93.19827356583988,33.28529350122395,A,C,C,C,endomorph
169.1303198019532,94.68114847305634,33.099434740131294,A,C,C,C,endomorph
168.72408623481482,99.33186712740188,34.892688176671555,A,C,C,B,endomorph
162.81267220817662,77.28053934726059,29.15370371010606,A,C,B,C,endomorph
165.0,50.0,18.36547291092746,C,A,A,C,endomorph
190.0,95.0,26.31578947368421,A,C,B,A,mesomorph
158.0,68.0,27.239224483255885,A,C,A,B,endomorph
182.0,60.0,18.11375437749064,C,A,A,A,ectomorph
170.0,85.0,29.411764705882355,B,A,C,C,endomorph
175.0,65.0,21.22448979591837,A,C,C,A,mesomorph
168.0,72.0,25.510204081632654,C,B,A,A,mesomorph
185.0,88.0,25.712198685171657,A,B,C,C,endomorph
160.0,55.0,21.484375,B,A,A,C,mesomorph
178.0,70.0,22.093170054286077,C,A,B,A,mesomorph
165.0,50.0,18.36547291092746,C,A,A,C,endomorph
190.0,95.0,26.31578947368421,A,C,B,A,mesomorph
158.0,68.0,27.239224483255885,A,C,A,B,endomorph
182.0,60.0,18.11375437749064,C,A,A,A,ectomorph
170.0,85.0,29.411764705882355,B,A,C,C,endomorph
175.0,65.0,21.22448979591837,A,C,C,A,mesomorph
168.0,72.0,25.510204081632654,C,B,A,A,mesomorph
185.0,88.0,25.712198685171657,A,B,C,C,endomorph
160.0,55.0,21.484375,B,A,A,C,mesomorph
178.0,70.0,22.093170054286077,C,A,B,A,mesomorph
165.0,50.0,18.36547291092746,C,A,A,C,endomorph
190.0,95.0,26.31578947368421,A,C,B,A,mesomorph
158.0,68.0,27.239224483255885,A,C,A,B,endomorph
182.0,60.0,18.11375437749064,C,A,A,A,ectomorph
170.0,85.0,29.411764705882355,B,A,C,C,endomorph
175.0,65.0,21.22448979591837,A,C,C,A,mesomorph
168.0,72.0,25.510204081632654,C,B,A,A,mesomorph
185.0,88.0,25.712198685171657,A,B,C,C,endomorph
160.0,55.0,21.484375,B,A,A,C,mesomorph
178.0,70.0,22.093170054286077,C,A,B,A,mesomorph
165.0,50.0,18.36547291092746,C,A,A,C,endomorph
190.0,95.0,26.31578947368421,A,C,B,A,mesomorph
158.0,68.0,27.239224483255885,A,C,A,B,endomorph
182.0,60.0,18.11375437749064,C,A,A,A,ectomorph
170.0,85.0,29.411764705882355,B,A,C,C,endomorph
175.0,65.0,21.22448979591837,A,C,C,A,mesomorph
168.0,72.0,25.510204081632654,C,B,A,A,mesomorph
185.0,88.0,25.712198685171657,A,B,C,C,endomorph
160.0,55.0,21.484375,B,A,A,C,mesomorph
178.0,70.0,22.093170054286077,C,A,B,A,mesomorph
165.0,50.0,18.36547291092746,C,A,A,C,endomorph
190.0,95.0,26.31578947368421,A,C,B,A,mesomorph
158.0,68.0,27.239224483255885,A,C,A,B,endomorph
182.0,60.0,18.11375437749064,C,A,A,A,ectomorph
170.0,85.0,29.411764705882355,B,A,C,C,endomorph
175.0,65.0,21.22448979591837,A,C,C,A,mesomorph
168.0,72.0,25.510204081632654,C,B,A,A,mesomorph
185.0,88.0,25.712198685171657,A,B,C,C,endomorph
160.0,55.0,21.484375,B,A,A,C,mesomorph
178.0,70.0,22.093170054286077,C,A,B,A,mesomorph
165.0,50.0,18.36547291092746,C,A,A,C,endomorph
190.0,95.0,26.31578947368421,A,C,B,A,mesomorph
158.0,68.0,27.239224483255885,A,C,A,B,endomorph
182.0,60.0,18.11375437749064,C,A,A,A,ectomorph
170.0,85.0,29.411764705882355,B,A,C,C,endomorph
175.0,65.0,21.22448979591837,A,C,C,A,mesomorph
168.0,72.0,25.510204081632654,C,B,A,A,mesomorph
185.0,88.0,25.712198685171657,A,B,C,C,endomorph
160.0,55.0,21.484375,B,A,A,C,mesomorph
178.0,70.0,22.093170054286077,C,A,B,A,mesomorph
